indexInDoc	indexInText	token	taggerPOS	goldPOS	correct?
1	1	Real	JJ	JJ	YES
2	2	world	NN	NN	YES
3	3	networks	NN	NN	YES
4	4	are	VB	VB	YES
5	5	often	RB	RB	YES
6	6	large	JJ	JJ	YES
7	8	there	RB	OO	NO
8	9	are	VB	VB	YES
9	10	tens	NN	NN	YES
10	11	of	OO	OO	YES
11	12	thousands	NN	NN	YES
12	13	of	OO	OO	YES
13	14	human	JJ	JJ	YES
14	15	genes	NN	NN	YES
15	16	and	OO	OO	YES
16	17	trillions	NN	NN	YES
17	18	of	OO	OO	YES
18	19	connections	NN	NN	YES
19	20	in	OO	OO	YES
20	21	the	OO	OO	YES
21	22	human	JJ	JJ	YES
22	23	brain	NN	NN	YES
23	25	Such	JJ	JJ	YES
24	26	scales	NN	NN	YES
25	27	make	VB	VB	YES
26	28	human	JJ	JJ	YES
27	29	visual	JJ	JJ	YES
28	30	processing	NN	NN	YES
29	31	of	OO	OO	YES
30	32	and	OO	OO	YES
31	33	decision	NN	NN	YES
32	34	making	NN	VB	NO
33	35	with	OO	OO	YES
34	36	the	OO	OO	YES
35	37	whole	JJ	JJ	YES
36	38	network	NN	NN	YES
37	39	prohibitive	NN	NN	YES
38	41	This	OO	OO	YES
39	42	paper	NN	NN	YES
40	43	investigates	VB	VB	YES
41	44	algorithms	NN	NN	YES
42	45	to	OO	OO	YES
43	46	identify	VB	VB	YES
44	47	provably	RB	RB	YES
45	48	good	JJ	JJ	YES
46	49	approximations	NN	NN	YES
47	50	of	OO	OO	YES
48	51	the	OO	OO	YES
49	52	network	NN	NN	YES
50	53	topology	NN	NN	YES
51	55	which	OO	OO	YES
52	56	capture	NN	VB	NO
53	57	important	JJ	JJ	YES
54	58	system	NN	NN	YES
55	59	dynamics	NN	NN	YES
56	60	while	OO	OO	YES
57	61	significantly	RB	RB	YES
58	62	reducing	VB	VB	YES
59	63	the	OO	OO	YES
60	64	number	NN	NN	YES
61	65	of	OO	OO	YES
62	66	edges	NN	NN	YES
63	67	to	OO	OO	YES
64	68	enable	VB	VB	YES
65	69	tractable	JJ	JJ	YES
66	70	analysis	NN	NN	YES
67	72	1	OO	OO	YES
68	76	15	OO	OO	YES
69	77	Jun	NN	NN	YES
70	78	2015	OO	OO	YES
71	79	Quinn	NN	NN	YES
72	81	Pinar	NN	NN	YES
73	83	and	OO	OO	YES
74	84	Kiyavash	NN	NN	YES
75	85	Across	OO	OO	YES
76	86	different	JJ	JJ	YES
77	87	domains	NN	NN	YES
78	89	edges	NN	NN	YES
79	90	are	VB	VB	YES
80	91	used	VB	VB	YES
81	92	to	OO	OO	YES
82	93	model	VB	VB	YES
83	94	various	JJ	JJ	YES
84	95	kinds	NN	NN	YES
85	96	of	OO	OO	YES
86	97	ties	NN	NN	YES
87	98	such	JJ	JJ	YES
88	99	as	OO	OO	YES
89	100	physical	JJ	JJ	YES
90	101	connections	NN	NN	YES
91	102	or	OO	OO	YES
92	103	dynamic	JJ	JJ	YES
93	104	relationships	NN	NN	YES
94	106	For	OO	OO	YES
95	107	instance	NN	NN	YES
96	109	in	OO	OO	YES
97	110	depicting	VB	VB	YES
98	111	a	OO	OO	YES
99	112	computer	NN	NN	YES
100	113	network	NN	NN	YES
101	115	an	OO	OO	YES
102	116	edge	NN	NN	YES
103	117	might	VB	VB	YES
104	118	correspond	VB	VB	YES
105	119	to	OO	OO	YES
106	120	a	OO	OO	YES
107	121	physical	JJ	JJ	YES
108	122	wire	NN	NN	YES
109	123	or	OO	OO	YES
110	124	a	OO	OO	YES
111	125	packet	NN	NN	YES
112	126	exchange	NN	NN	YES
113	127	between	OO	OO	YES
114	128	a	OO	OO	YES
115	129	sender	NN	NN	YES
116	130	and	OO	OO	YES
117	131	a	OO	OO	YES
118	132	receiver	NN	NN	YES
119	134	For	OO	OO	YES
120	135	the	OO	OO	YES
121	136	human	JJ	JJ	YES
122	137	brain	NN	NN	YES
123	139	edges	NN	NN	YES
124	140	could	VB	VB	YES
125	141	correspond	VB	VB	YES
126	142	to	OO	OO	YES
127	143	information	NN	NN	YES
128	144	flow	NN	NN	YES
129	145	between	OO	OO	YES
130	146	different	JJ	JJ	YES
131	147	cells	NN	NN	YES
132	148	or	OO	OO	YES
133	149	brain	NN	NN	YES
134	150	regions	NN	NN	YES
135	152	Takahashi	NN	NN	YES
136	153	et	NN	OO	NO
137	154	al	NN	NN	YES
138	157	2015	OO	OO	YES
139	159	Kim	NN	NN	YES
140	160	et	NN	OO	NO
141	161	al	NN	NN	YES
142	164	2014	OO	OO	YES
143	167	For	OO	OO	YES
144	168	online	JJ	JJ	YES
145	169	social	JJ	JJ	YES
146	170	networks	NN	NN	YES
147	172	edges	NN	NN	YES
148	173	might	VB	VB	YES
149	174	represent	VB	VB	YES
150	176	relationships	NN	NN	YES
151	177	or	OO	OO	YES
152	178	pairs	NN	NN	YES
153	179	of	OO	OO	YES
154	180	users	NN	NN	YES
155	181	that	OO	OO	YES
156	182	frequently	RB	RB	YES
157	183	message	NN	VB	NO
158	184	each	OO	OO	YES
159	185	other	JJ	JJ	YES
160	187	Ver	NN	NN	YES
161	188	Steeg	NN	NN	YES
162	189	and	OO	OO	YES
163	190	Galstyan	NN	NN	YES
164	192	2012	OO	OO	YES
165	194	2013	OO	OO	YES
166	197	Edges	NN	NN	YES
167	198	that	OO	OO	YES
168	199	represent	VB	VB	YES
169	200	dynamics	NN	NN	YES
170	201	often	RB	RB	YES
171	202	must	VB	VB	YES
172	203	be	VB	VB	YES
173	204	inferred	VB	VB	YES
174	205	from	OO	OO	YES
175	206	activity	NN	NN	YES
176	208	in	OO	OO	YES
177	209	some	OO	OO	YES
178	210	cases	NN	NN	YES
179	211	statistically	RB	RB	YES
180	213	There	OO	OO	YES
181	214	is	VB	VB	YES
182	215	a	OO	OO	YES
183	216	large	JJ	JJ	YES
184	217	literature	NN	NN	YES
185	218	on	OO	OO	YES
186	219	graphs	NN	NN	YES
187	220	whose	JJ	JJ	YES
188	221	edges	NN	NN	YES
189	222	depict	VB	VB	YES
190	223	statistical	JJ	JJ	YES
191	224	relationships	NN	NN	YES
192	226	Markov	NN	NN	YES
193	227	and	OO	OO	YES
194	228	Bayesian	NN	NN	YES
195	229	networks	NN	NN	YES
196	230	are	VB	VB	YES
197	232	probabilistic	JJ	JJ	YES
198	233	graphical	JJ	JJ	YES
199	234	models	NN	NN	YES
200	235	whose	JJ	JJ	YES
201	236	edges	NN	NN	YES
202	237	represent	VB	VB	YES
203	238	correlation	NN	NN	YES
204	240	Many	JJ	JJ	YES
205	241	methods	NN	NN	YES
206	242	have	VB	VB	YES
207	243	been	VB	VB	YES
208	244	proposed	VB	VB	YES
209	245	to	OO	OO	YES
210	246	infer	JJ	VB	NO
211	247	and	OO	OO	YES
212	248	approximate	JJ	VB	NO
213	249	the	OO	OO	YES
214	250	networks	NN	NN	YES
215	251	from	OO	OO	YES
216	255	data	NN	NN	YES
217	257	often	RB	RB	YES
218	258	relying	VB	VB	YES
219	259	on	OO	OO	YES
220	260	heuristics	NN	NN	YES
221	262	Pretty	RB	RB	YES
222	263	soon	RB	RB	YES
223	264	I	NN	NN	YES
224	265	wanted	VB	VB	YES
225	266	to	OO	OO	YES
226	267	smoke	VB	VB	YES
227	269	and	OO	OO	YES
228	270	asked	VB	VB	YES
229	271	the	OO	OO	YES
230	272	widow	NN	NN	YES
231	273	to	OO	OO	YES
232	274	let	VB	VB	YES
233	275	me	NN	NN	YES
234	277	But	OO	OO	YES
235	278	she	NN	NN	YES
236	279	would	VB	VB	YES
237	280	nt	RB	RB	YES
238	282	She	NN	NN	YES
239	283	said	VB	VB	YES
240	284	it	NN	NN	YES
241	285	was	VB	VB	YES
242	286	a	OO	OO	YES
243	287	mean	JJ	JJ	YES
244	288	practice	NN	NN	YES
245	289	and	OO	OO	YES
246	290	was	VB	VB	YES
247	291	nt	RB	RB	YES
248	292	clean	JJ	JJ	YES
249	294	and	OO	OO	YES
250	295	I	NN	NN	YES
251	296	must	VB	VB	YES
252	297	try	VB	VB	YES
253	298	to	OO	OO	YES
254	299	not	RB	RB	YES
255	300	do	VB	VB	YES
256	301	it	NN	NN	YES
257	302	any	OO	OO	YES
258	303	more	RB	RB	YES
259	305	That	OO	OO	YES
260	306	is	VB	VB	YES
261	307	just	RB	RB	YES
262	308	the	OO	OO	YES
263	309	way	NN	NN	YES
264	310	with	OO	OO	YES
265	311	some	OO	OO	YES
266	312	people	NN	NN	YES
267	314	They	NN	NN	YES
268	315	get	VB	VB	YES
269	316	down	RB	OO	NO
270	317	on	OO	OO	YES
271	318	a	OO	OO	YES
272	319	thing	NN	NN	YES
273	320	when	RB	RB	YES
274	321	they	NN	NN	YES
275	322	do	VB	VB	YES
276	323	nt	RB	RB	YES
277	324	know	VB	VB	YES
278	325	nothing	NN	NN	YES
279	326	about	OO	OO	YES
280	327	it	NN	NN	YES
281	329	Here	RB	RB	YES
282	330	she	NN	NN	YES
283	331	was	VB	VB	YES
284	332	abothering	VB	VB	YES
285	333	about	OO	OO	YES
286	334	Moses	NN	NN	YES
287	336	which	OO	OO	YES
288	337	was	VB	VB	YES
289	338	no	OO	OO	YES
290	339	kin	NN	NN	YES
291	340	to	OO	OO	YES
292	341	her	NN	NN	YES
293	343	and	OO	OO	YES
294	344	no	OO	OO	YES
295	345	use	NN	NN	YES
296	346	to	OO	OO	YES
297	347	anybody	NN	NN	YES
298	349	being	VB	VB	YES
299	350	gone	VB	VB	YES
300	352	you	NN	NN	YES
301	353	see	VB	VB	YES
302	355	yet	RB	RB	YES
303	356	finding	VB	VB	YES
304	357	a	OO	OO	YES
305	358	power	NN	NN	YES
306	359	of	OO	OO	YES
307	360	fault	NN	NN	YES
308	361	with	OO	OO	YES
309	362	me	NN	NN	YES
310	363	for	OO	OO	YES
311	364	doing	VB	VB	YES
312	365	a	OO	OO	YES
313	366	thing	NN	NN	YES
314	367	that	OO	OO	YES
315	368	had	VB	VB	YES
316	369	some	OO	OO	YES
317	370	good	JJ	JJ	YES
318	371	in	OO	OO	YES
319	372	it	NN	NN	YES
320	374	And	OO	OO	YES
321	375	she	NN	NN	YES
322	376	took	VB	VB	YES
323	377	snuff	NN	NN	YES
324	379	too	RB	RB	YES
325	381	of	OO	OO	YES
326	382	course	NN	NN	YES
327	383	that	OO	OO	YES
328	384	was	VB	VB	YES
329	385	all	OO	JJ	NO
330	386	right	JJ	JJ	YES
331	388	because	OO	OO	YES
332	389	she	NN	NN	YES
333	390	done	VB	VB	YES
334	391	it	NN	NN	YES
335	392	herself	NN	NN	YES
336	394	Her	JJ	JJ	YES
337	395	sister	NN	NN	YES
338	397	Miss	NN	NN	YES
339	398	Watson	NN	NN	YES
340	400	a	OO	OO	YES
341	401	tolerable	JJ	JJ	YES
342	402	slim	JJ	JJ	YES
343	403	old	JJ	JJ	YES
344	404	maid	NN	NN	YES
345	406	with	OO	OO	YES
346	407	goggles	NN	NN	YES
347	408	on	OO	OO	YES
348	410	had	VB	VB	YES
349	411	just	RB	RB	YES
350	412	come	VB	VB	YES
351	413	to	OO	OO	YES
352	414	live	VB	VB	YES
353	415	with	OO	OO	YES
354	416	her	NN	NN	YES
355	418	and	OO	OO	YES
356	419	took	VB	VB	YES
357	420	a	OO	OO	YES
358	421	set	NN	NN	YES
359	422	at	OO	OO	YES
360	423	me	NN	NN	YES
361	424	now	RB	RB	YES
362	425	with	OO	OO	YES
363	426	a	OO	OO	YES
364	429	She	NN	NN	YES
365	430	worked	VB	VB	YES
366	431	me	NN	NN	YES
367	432	middling	VB	VB	YES
368	433	hard	JJ	JJ	YES
369	434	for	OO	OO	YES
370	435	about	OO	OO	YES
371	436	an	OO	OO	YES
372	437	hour	NN	NN	YES
373	439	and	OO	OO	YES
374	440	then	RB	RB	YES
375	441	the	OO	OO	YES
376	442	widow	NN	NN	YES
377	443	made	VB	VB	YES
378	444	her	JJ	JJ	YES
379	445	ease	NN	NN	YES
380	446	up	RB	OO	NO
381	448	I	NN	NN	YES
382	449	could	VB	VB	YES
383	450	nt	RB	RB	YES
384	451	stood	VB	VB	YES
385	452	it	NN	NN	YES
386	453	much	RB	RB	YES
387	454	longer	RB	RB	YES
388	456	Then	RB	RB	YES
389	457	for	OO	OO	YES
390	458	an	OO	OO	YES
391	459	hour	NN	NN	YES
392	460	it	NN	NN	YES
393	461	was	VB	VB	YES
394	462	deadly	JJ	JJ	YES
395	463	dull	JJ	JJ	YES
396	465	and	OO	OO	YES
397	466	I	NN	NN	YES
398	467	was	VB	VB	YES
399	468	fidgety	NN	NN	YES
400	470	Miss	NN	NN	YES
401	471	Watson	NN	NN	YES
402	472	would	VB	VB	YES
403	473	say	VB	VB	YES
404	476	Do	VB	VB	YES
405	477	nt	RB	RB	YES
406	478	put	VB	VB	YES
407	479	your	JJ	JJ	YES
408	480	feet	NN	NN	YES
409	481	up	OO	OO	YES
410	482	there	RB	RB	YES
411	484	Huckleberry	NN	NN	YES
412	487	and	OO	OO	YES
413	489	Do	VB	VB	YES
414	490	nt	RB	RB	YES
415	491	scrunch	VB	VB	YES
416	492	up	OO	OO	YES
417	493	like	OO	OO	YES
418	494	that	OO	OO	YES
419	497	up	RB	OO	NO
420	498	straight	RB	RB	YES
421	501	and	OO	OO	YES
422	502	pretty	RB	RB	YES
423	503	soon	RB	RB	YES
424	504	she	NN	NN	YES
425	505	would	VB	VB	YES
426	506	say	VB	VB	YES
427	509	Do	VB	VB	YES
428	510	nt	RB	RB	YES
429	511	gap	NN	VB	NO
430	512	and	OO	OO	YES
431	513	stretch	VB	VB	YES
432	514	like	OO	OO	YES
433	515	that	OO	OO	YES
434	518	do	VB	VB	YES
435	519	nt	RB	RB	YES
436	520	you	NN	NN	YES
437	521	try	VB	VB	YES
438	522	to	OO	OO	YES
439	523	behave	VB	VB	YES
440	526	Brahinsky	NN	NN	YES
441	527	said	VB	VB	YES
442	528	that	OO	OO	YES
443	529	the	OO	OO	YES
444	530	University	NN	NN	YES
445	531	of	OO	OO	YES
446	532	California	NN	NN	YES
447	533	has	VB	VB	YES
448	535	made	VB	VB	YES
449	536	a	OO	OO	YES
450	537	priority	NN	NN	YES
451	538	out	OO	OO	YES
452	539	of	OO	OO	YES
453	540	administrative	JJ	JJ	YES
454	541	spending	NN	NN	YES
455	544	noting	VB	VB	YES
456	545	that	OO	OO	YES
457	546	it	NN	NN	YES
458	547	has	VB	VB	YES
459	548	increased	VB	VB	YES
460	549	by	OO	OO	YES
461	550	over	OO	OO	YES
462	551	250	OO	OO	YES
463	553	in	OO	OO	YES
464	554	the	OO	OO	YES
465	555	last	JJ	JJ	YES
466	556	20	OO	OO	YES
467	557	years	NN	NN	YES
468	559	The	OO	OO	YES
469	560	growth	NN	NN	YES
470	561	of	OO	OO	YES
471	562	faculty	NN	NN	YES
472	563	spending	NN	NN	YES
473	564	over	OO	OO	YES
474	565	the	OO	OO	YES
475	566	same	JJ	JJ	YES
476	567	time	NN	NN	YES
477	568	period	NN	NN	YES
478	569	has	VB	VB	YES
479	570	only	RB	RB	YES
480	571	increased	VB	VB	YES
481	572	by	OO	OO	YES
482	573	50	OO	OO	YES
483	576	he	NN	NN	YES
484	577	said	VB	VB	YES
485	579	adding	VB	VB	YES
486	580	that	OO	OO	YES
487	581	20	OO	OO	YES
488	582	years	NN	NN	YES
489	583	ago	OO	RB	NO
490	584	there	OO	OO	YES
491	585	were	VB	VB	YES
492	586	five	OO	OO	YES
493	587	faculty	NN	NN	YES
494	588	members	NN	NN	YES
495	589	for	OO	OO	YES
496	590	every	OO	OO	YES
497	591	two	OO	OO	YES
498	592	administrators	NN	NN	YES
499	594	but	OO	OO	YES
500	595	the	OO	OO	YES
501	596	figure	NN	NN	YES
502	597	has	VB	VB	YES
503	598	shifted	VB	VB	YES
504	599	dramatically	RB	RB	YES
505	601	and	OO	OO	YES
506	602	presently	RB	RB	YES
507	603	there	OO	OO	YES
508	604	are	VB	VB	YES
509	605	only	RB	RB	YES
510	606	five	OO	OO	YES
511	607	faculty	NN	NN	YES
512	608	members	NN	NN	YES
513	609	for	OO	OO	YES
514	610	every	OO	OO	YES
515	611	six	OO	OO	YES
516	612	administrators	NN	NN	YES
517	614	on	OO	OO	YES
518	615	average	NN	NN	YES
519	618	The	OO	OO	YES
520	619	administration	NN	NN	YES
521	620	is	VB	VB	YES
522	621	growing	VB	VB	YES
523	622	and	OO	OO	YES
524	623	has	VB	VB	YES
525	624	surpassed	VB	VB	YES
526	625	the	OO	OO	YES
527	626	faculty	NN	NN	YES
528	629	he	NN	NN	YES
529	630	said	VB	VB	YES
530	633	The	OO	OO	YES
531	634	priorities	NN	NN	YES
532	635	of	OO	OO	YES
533	636	the	OO	OO	YES
534	637	UC	NN	NN	YES
535	638	are	VB	VB	YES
536	639	something	NN	NN	YES
537	640	that	OO	OO	YES
538	641	ought	VB	VB	YES
539	642	to	OO	OO	YES
540	643	be	VB	VB	YES
541	644	democratic	JJ	JJ	YES
542	647	Brahinsky	NN	NN	YES
543	648	said	VB	VB	YES
544	651	We	NN	NN	YES
545	652	can	VB	VB	YES
546	653	have	VB	VB	YES
547	654	a	OO	OO	YES
548	655	say	NN	NN	YES
549	656	in	OO	OO	YES
550	657	that	OO	OO	YES
551	659	and	OO	OO	YES
552	660	so	RB	RB	YES
553	661	we	NN	NN	YES
554	662	should	VB	VB	YES
555	665	To	OO	OO	YES
556	666	learn	VB	VB	YES
557	667	more	JJ	JJ	YES
558	668	about	OO	OO	YES
559	669	the	OO	OO	YES
560	670	University	NN	NN	YES
561	671	of	OO	OO	YES
562	672	California	NN	NN	YES
563	673	s	OO	OO	YES
564	674	budget	NN	NN	YES
565	676	Brahinsky	NN	NN	YES
566	677	recommended	VB	VB	YES
567	678	attendance	NN	NN	YES
568	679	at	OO	OO	YES
569	680	a	OO	OO	YES
570	681	workshop	NN	NN	YES
571	682	to	OO	OO	YES
572	683	be	VB	VB	YES
573	684	held	VB	VB	YES
574	685	by	OO	OO	YES
575	686	Autonomous	NN	NN	YES
576	687	Students	NN	NN	YES
577	688	UCSC	NN	NN	YES
578	690	a	OO	OO	YES
579	691	student	NN	NN	YES
580	692	organization	NN	NN	YES
581	693	that	OO	OO	YES
582	694	was	VB	VB	YES
583	695	tabling	VB	VB	YES
584	696	at	OO	OO	YES
585	697	the	OO	OO	YES
586	698	picnic	NN	NN	YES
587	700	AFT	NN	NN	YES
588	701	Local	JJ	JJ	YES
589	702	2199	OO	OO	YES
590	703	President	NN	NN	YES
591	704	Roxi	NN	NN	YES
592	705	Power	NN	NN	YES
593	706	also	RB	RB	YES
594	707	spoke	VB	VB	YES
595	708	at	OO	OO	YES
596	709	the	OO	OO	YES
597	711	rally	NN	NN	YES
598	713	as	OO	OO	YES
599	714	did	VB	VB	YES
600	715	Mike	NN	NN	YES
601	716	Rotkin	NN	NN	YES
602	718	AFT	NN	NN	YES
603	719	s	OO	OO	YES
604	720	longest	JJ	JJ	YES
605	721	running	VB	VB	YES
606	722	President	NN	NN	YES
607	723	at	OO	OO	YES
608	724	UC	NN	NN	YES
609	725	Santa	NN	NN	YES
610	726	Cruz	NN	NN	YES
611	728	After	OO	OO	YES
612	729	the	OO	OO	YES
613	730	speakers	NN	NN	YES
614	731	were	VB	VB	YES
615	732	heard	VB	VB	YES
616	734	a	OO	OO	YES
617	735	street	NN	NN	YES
618	736	theater	NN	NN	YES
619	737	segment	NN	NN	YES
620	738	was	VB	VB	YES
621	739	performed	VB	VB	YES
622	740	with	OO	OO	YES
623	741	UC	NN	NN	YES
624	742	administrators	NN	NN	YES
625	743	portrayed	VB	VB	YES
626	744	as	OO	OO	YES
627	746	wearing	VB	VB	YES
628	747	characters	NN	NN	YES
629	748	from	OO	OO	YES
630	749	the	OO	OO	YES
631	750	Monopoly	NN	NN	YES
632	751	board	NN	NN	YES
633	752	game	NN	NN	YES
634	754	Many	JJ	JJ	YES
635	755	participants	NN	NN	YES
636	756	were	VB	VB	YES
637	757	dressed	VB	VB	YES
638	758	in	OO	OO	YES
639	759	graduation	NN	NN	YES
640	760	gowns	NN	NN	YES
641	762	and	OO	OO	YES
642	763	union	NN	NN	YES
643	764	members	NN	NN	YES
644	765	distributed	VB	VB	YES
645	766	the	OO	OO	YES
646	767	lyrics	NN	NN	YES
647	768	to	OO	OO	YES
648	769	a	OO	OO	YES
649	770	variety	NN	NN	YES
650	771	of	OO	OO	YES
651	772	songs	NN	NN	YES
652	773	to	OO	OO	YES
653	774	those	OO	OO	YES
654	775	in	OO	OO	YES
655	776	attendance	NN	NN	YES
656	777	so	OO	OO	YES
657	778	that	OO	OO	YES
658	779	the	OO	OO	YES
659	780	group	NN	NN	YES
660	781	could	VB	VB	YES
661	782	serve	VB	VB	YES
662	783	as	OO	OO	YES
663	784	the	OO	OO	YES
664	785	musical	JJ	JJ	YES
665	786	chorus	NN	NN	YES
666	787	in	OO	OO	YES
667	788	the	OO	OO	YES
668	789	skit	NN	NN	YES
669	791	Another	JJ	JJ	YES
670	792	popular	JJ	JJ	YES
671	793	approach	NN	NN	YES
672	794	is	VB	VB	YES
673	795	inspired	VB	VB	YES
674	796	by	OO	OO	YES
675	797	the	OO	OO	YES
676	798	theory	NN	NN	YES
677	799	of	OO	OO	YES
678	800	intervening	JJ	VB	NO
679	801	opportunities	NN	NN	YES
680	802	and	OO	OO	YES
681	803	it	NN	NN	YES
682	804	has	VB	VB	YES
683	805	been	VB	VB	YES
684	806	concreted	VB	VB	YES
685	807	into	OO	OO	YES
686	808	the	OO	OO	YES
687	810	radiation	NN	NN	YES
688	811	models	NN	NN	YES
689	813	Individuals	NN	NN	YES
690	814	are	VB	VB	YES
691	815	supposed	VB	VB	YES
692	816	to	OO	OO	YES
693	817	travel	VB	VB	YES
694	818	until	OO	OO	YES
695	819	they	NN	NN	YES
696	820	find	VB	VB	YES
697	821	a	OO	OO	YES
698	822	job	NN	NN	YES
699	823	opportunity	NN	NN	YES
700	825	so	OO	OO	YES
701	826	the	OO	OO	YES
702	827	population	NN	NN	YES
703	828	and	OO	OO	YES
704	829	jobs	NN	NN	YES
705	830	spatial	JJ	JJ	YES
706	831	distributions	NN	NN	YES
707	832	naturally	RB	RB	YES
708	833	lead	VB	VB	YES
709	834	to	OO	OO	YES
710	835	a	OO	OO	YES
711	836	trip	NN	NN	YES
712	837	flow	NN	NN	YES
713	838	network	NN	NN	YES
714	840	In	OO	OO	YES
715	841	this	OO	OO	YES
716	842	paper	NN	NN	YES
717	844	we	NN	NN	YES
718	845	perform	VB	VB	YES
719	846	a	OO	OO	YES
720	847	thorough	JJ	JJ	YES
721	848	comparison	NN	NN	YES
722	849	between	OO	OO	YES
723	850	the	OO	OO	YES
724	851	gravity	NN	NN	YES
725	852	and	OO	OO	YES
726	853	the	OO	OO	YES
727	854	radiation	NN	NN	YES
728	855	approaches	NN	NN	YES
729	856	in	OO	OO	YES
730	857	their	JJ	JJ	YES
731	858	ability	NN	NN	YES
732	859	at	OO	OO	YES
733	860	estimating	VB	VB	YES
734	861	commuting	JJ	VB	NO
735	862	flows	NN	NN	YES
736	864	We	NN	NN	YES
737	865	test	VB	VB	YES
738	866	the	OO	OO	YES
739	867	gravity	NN	NN	YES
740	868	and	OO	OO	YES
741	869	the	OO	OO	YES
742	870	radiation	NN	NN	YES
743	871	laws	NN	NN	YES
744	872	against	OO	OO	YES
745	873	empirical	JJ	JJ	YES
746	874	trip	NN	NN	YES
747	875	data	NN	NN	YES
748	876	at	OO	OO	YES
749	877	different	JJ	JJ	YES
750	878	scales	NN	NN	YES
751	879	and	OO	OO	YES
752	880	coming	VB	VB	YES
753	881	from	OO	OO	YES
754	882	different	JJ	JJ	YES
755	883	countries	NN	NN	YES
756	885	Different	JJ	JJ	YES
757	886	versions	NN	NN	YES
758	887	of	OO	OO	YES
759	888	the	OO	OO	YES
760	889	gravity	NN	NN	YES
761	890	and	OO	OO	YES
762	891	the	OO	OO	YES
763	892	radiation	NN	NN	YES
764	893	laws	NN	NN	YES
765	894	are	VB	VB	YES
766	895	used	VB	VB	YES
767	896	to	OO	OO	YES
768	897	estimate	VB	VB	YES
769	898	the	OO	OO	YES
770	899	probability	NN	NN	YES
771	900	that	OO	OO	YES
772	901	an	OO	OO	YES
773	902	individual	NN	NN	YES
774	903	has	VB	VB	YES
775	904	to	OO	OO	YES
776	905	commute	NN	VB	NO
777	906	from	OO	OO	YES
778	907	one	NN	OO	NO
779	908	unit	NN	NN	YES
780	909	to	OO	OO	YES
781	910	another	OO	OO	YES
782	912	called	VB	VB	YES
783	913	trip	NN	NN	YES
784	914	distribution	NN	NN	YES
785	915	law	NN	NN	YES
786	917	Based	VB	VB	YES
787	918	on	OO	OO	YES
788	919	these	OO	OO	YES
789	920	probability	NN	NN	YES
790	921	distribution	NN	NN	YES
791	922	the	OO	OO	YES
792	923	commuting	NN	NN	YES
793	924	networks	NN	NN	YES
794	925	are	VB	VB	YES
795	926	simulated	VB	VB	YES
796	927	with	OO	OO	YES
797	928	different	JJ	JJ	YES
798	929	trip	NN	NN	YES
799	930	distribution	NN	NN	YES
800	931	models	NN	NN	YES
801	933	We	NN	NN	YES
802	934	show	VB	VB	YES
803	935	that	OO	OO	YES
804	936	the	OO	OO	YES
805	937	gravity	NN	NN	YES
806	938	law	NN	NN	YES
807	939	performs	VB	VB	YES
808	940	better	JJ	JJ	YES
809	941	than	OO	OO	YES
810	942	the	OO	OO	YES
811	943	radiation	NN	NN	YES
812	944	law	NN	NN	YES
813	945	to	OO	OO	YES
814	946	estimate	VB	VB	YES
815	947	the	OO	OO	YES
816	948	commuting	NN	NN	YES
817	949	flows	VB	VB	YES
818	951	to	OO	OO	YES
819	952	preserve	VB	VB	YES
820	953	the	OO	OO	YES
821	954	structure	NN	NN	YES
822	955	of	OO	OO	YES
823	956	the	OO	OO	YES
824	957	network	NN	NN	YES
825	958	and	OO	OO	YES
826	959	to	OO	OO	YES
827	960	fit	VB	VB	YES
828	961	the	OO	OO	YES
829	962	commuting	NN	NN	YES
830	963	distance	NN	NN	YES
831	964	distribution	NN	NN	YES
832	965	although	OO	OO	YES
833	966	it	NN	NN	YES
834	967	fails	VB	VB	YES
835	968	at	OO	OO	YES
836	969	predicting	VB	VB	YES
837	970	commuting	JJ	VB	NO
838	971	flows	NN	NN	YES
839	972	at	OO	OO	YES
840	973	large	JJ	JJ	YES
841	974	distances	NN	NN	YES
842	976	Finally	RB	RB	YES
843	978	we	NN	NN	YES
844	979	show	VB	VB	YES
845	980	that	OO	OO	YES
846	981	both	OO	OO	YES
847	982	approaches	NN	NN	YES
848	983	can	VB	VB	YES
849	984	be	VB	VB	YES
850	985	used	VB	VB	YES
851	986	in	OO	OO	YES
852	987	absence	NN	NN	YES
853	988	of	OO	OO	YES
854	989	detailed	JJ	JJ	YES
855	990	data	NN	NN	YES
856	991	for	OO	OO	YES
857	992	calibration	NN	NN	YES
858	993	since	OO	OO	YES
859	994	the	OO	OO	YES
860	995	only	JJ	JJ	YES
861	996	parameter	NN	NN	YES
862	997	of	OO	OO	YES
863	998	both	OO	OO	YES
864	999	the	OO	OO	YES
865	1000	gravity	NN	NN	YES
866	1001	and	OO	OO	YES
867	1002	the	OO	OO	YES
868	1003	radiation	NN	NN	YES
869	1004	laws	NN	NN	YES
870	1005	depends	VB	VB	YES
871	1006	only	RB	RB	YES
872	1007	on	OO	OO	YES
873	1008	the	OO	OO	YES
874	1009	scale	NN	NN	YES
875	1010	of	OO	OO	YES
876	1011	the	OO	OO	YES
877	1012	geographic	JJ	JJ	YES
878	1013	unit	NN	NN	YES
879	1015	The	OO	OO	YES
880	1016	dominant	JJ	JJ	YES
881	1017	spirit	NN	NN	YES
882	1019	however	RB	RB	YES
883	1021	that	OO	OO	YES
884	1022	haunts	VB	VB	YES
885	1023	this	OO	OO	YES
886	1024	enchanted	JJ	JJ	YES
887	1025	region	NN	NN	YES
888	1027	and	OO	OO	YES
889	1028	seems	VB	VB	YES
890	1029	to	OO	OO	YES
891	1030	be	VB	VB	YES
892	1032	of	OO	OO	YES
893	1033	all	OO	OO	YES
894	1034	the	OO	OO	YES
895	1035	powers	NN	NN	YES
896	1036	of	OO	OO	YES
897	1037	the	OO	OO	YES
898	1038	air	NN	NN	YES
899	1040	is	VB	VB	YES
900	1041	the	OO	OO	YES
901	1042	apparition	NN	NN	YES
902	1043	of	OO	OO	YES
903	1044	a	OO	OO	YES
904	1045	figure	NN	NN	YES
905	1046	on	OO	OO	YES
906	1047	horseback	NN	NN	YES
907	1049	without	OO	OO	YES
908	1050	a	OO	OO	YES
909	1051	head	NN	NN	YES
910	1053	It	NN	NN	YES
911	1054	is	VB	VB	YES
912	1055	said	VB	VB	YES
913	1056	by	OO	OO	YES
914	1057	some	OO	OO	YES
915	1058	to	OO	OO	YES
916	1059	be	VB	VB	YES
917	1060	the	OO	OO	YES
918	1061	ghost	NN	NN	YES
919	1062	of	OO	OO	YES
920	1063	a	OO	OO	YES
921	1064	Hessian	NN	JJ	NO
922	1065	trooper	NN	NN	YES
923	1067	whose	JJ	JJ	YES
924	1068	head	NN	NN	YES
925	1069	had	VB	VB	YES
926	1070	been	VB	VB	YES
927	1071	carried	VB	VB	YES
928	1072	away	RB	RB	YES
929	1073	by	OO	OO	YES
930	1074	a	OO	OO	YES
931	1077	in	OO	OO	YES
932	1078	some	OO	OO	YES
933	1079	nameless	JJ	JJ	YES
934	1080	battle	NN	NN	YES
935	1081	during	OO	OO	YES
936	1082	the	OO	OO	YES
937	1083	Revolutionary	NN	NN	YES
938	1084	War	NN	NN	YES
939	1086	and	OO	OO	YES
940	1087	who	NN	NN	YES
941	1088	is	VB	VB	YES
942	1089	ever	RB	RB	YES
943	1090	and	OO	OO	YES
944	1091	anon	OO	RB	NO
945	1092	seen	VB	VB	YES
946	1093	by	OO	OO	YES
947	1094	the	OO	OO	YES
948	1095	country	NN	NN	YES
949	1096	folk	NN	NN	YES
950	1097	hurrying	VB	VB	YES
951	1098	along	OO	RB	NO
952	1099	in	OO	OO	YES
953	1100	the	OO	OO	YES
954	1101	gloom	NN	NN	YES
955	1102	of	OO	OO	YES
956	1103	night	NN	NN	YES
957	1105	as	OO	OO	YES
958	1106	if	OO	OO	YES
959	1107	on	OO	OO	YES
960	1108	the	OO	OO	YES
961	1109	wings	NN	NN	YES
962	1110	of	OO	OO	YES
963	1111	the	OO	OO	YES
964	1112	wind	NN	NN	YES
965	1114	His	JJ	JJ	YES
966	1115	haunts	NN	NN	YES
967	1116	are	VB	VB	YES
968	1117	not	RB	RB	YES
969	1118	confined	VB	VB	YES
970	1119	to	OO	OO	YES
971	1120	the	OO	OO	YES
972	1121	valley	NN	NN	YES
973	1123	but	OO	OO	YES
974	1124	extend	VB	VB	YES
975	1125	at	OO	OO	YES
976	1126	times	NN	NN	YES
977	1127	to	OO	OO	YES
978	1128	the	OO	OO	YES
979	1129	adjacent	JJ	JJ	YES
980	1130	roads	NN	NN	YES
981	1132	and	OO	OO	YES
982	1133	especially	RB	RB	YES
983	1134	to	OO	OO	YES
984	1135	the	OO	OO	YES
985	1136	vicinity	NN	NN	YES
986	1137	of	OO	OO	YES
987	1138	a	OO	OO	YES
988	1139	church	NN	NN	YES
989	1140	at	OO	OO	YES
990	1141	no	OO	OO	YES
991	1142	great	JJ	JJ	YES
992	1143	distance	NN	NN	YES
993	1145	Indeed	RB	RB	YES
994	1147	certain	JJ	JJ	YES
995	1148	of	OO	OO	YES
996	1149	the	OO	OO	YES
997	1150	most	RB	RB	YES
998	1151	authentic	JJ	JJ	YES
999	1152	historians	NN	NN	YES
1000	1153	of	OO	OO	YES
1001	1154	those	OO	OO	YES
1002	1155	parts	NN	NN	YES
1003	1157	who	NN	NN	YES
1004	1158	have	VB	VB	YES
1005	1159	been	VB	VB	YES
1006	1160	careful	JJ	JJ	YES
1007	1161	in	OO	OO	YES
1008	1162	collecting	VB	VB	YES
1009	1163	and	OO	OO	YES
1010	1164	collating	VB	VB	YES
1011	1165	the	OO	OO	YES
1012	1166	floating	JJ	VB	NO
1013	1167	facts	NN	NN	YES
1014	1168	concerning	VB	VB	YES
1015	1169	this	OO	OO	YES
1016	1170	spectre	NN	NN	YES
1017	1172	allege	NN	VB	NO
1018	1173	that	OO	OO	YES
1019	1174	the	OO	OO	YES
1020	1175	body	NN	NN	YES
1021	1176	of	OO	OO	YES
1022	1177	the	OO	OO	YES
1023	1178	trooper	NN	NN	YES
1024	1179	having	VB	VB	YES
1025	1180	been	VB	VB	YES
1026	1181	buried	VB	VB	YES
1027	1182	in	OO	OO	YES
1028	1183	the	OO	OO	YES
1029	1184	churchyard	NN	NN	YES
1030	1186	the	OO	OO	YES
1031	1187	ghost	NN	NN	YES
1032	1188	rides	NN	VB	NO
1033	1189	forth	RB	RB	YES
1034	1190	to	OO	OO	YES
1035	1191	the	OO	OO	YES
1036	1192	scene	NN	NN	YES
1037	1193	of	OO	OO	YES
1038	1194	battle	NN	NN	YES
1039	1195	in	OO	OO	YES
1040	1196	nightly	OO	JJ	NO
1041	1197	quest	NN	NN	YES
1042	1198	of	OO	OO	YES
1043	1199	his	JJ	JJ	YES
1044	1200	head	NN	NN	YES
1045	1202	and	OO	OO	YES
1046	1203	that	OO	OO	YES
1047	1204	the	OO	OO	YES
1048	1205	rushing	VB	VB	YES
1049	1206	speed	NN	NN	YES
1050	1207	with	OO	OO	YES
1051	1208	which	OO	OO	YES
1052	1209	he	NN	NN	YES
1053	1210	sometimes	RB	RB	YES
1054	1211	passes	VB	VB	YES
1055	1212	along	OO	OO	YES
1056	1213	the	OO	OO	YES
1057	1214	Hollow	NN	NN	YES
1058	1216	like	OO	OO	YES
1059	1217	a	OO	OO	YES
1060	1218	midnight	NN	NN	YES
1061	1219	blast	NN	NN	YES
1062	1221	is	VB	VB	YES
1063	1222	owing	VB	VB	YES
1064	1223	to	OO	OO	YES
1065	1224	his	JJ	JJ	YES
1066	1225	being	VB	VB	YES
1067	1226	belated	VB	VB	YES
1068	1228	and	OO	OO	YES
1069	1229	in	OO	OO	YES
1070	1230	a	OO	OO	YES
1071	1231	hurry	NN	NN	YES
1072	1232	to	OO	OO	YES
1073	1233	get	VB	VB	YES
1074	1234	back	RB	RB	YES
1075	1235	to	OO	OO	YES
1076	1236	the	OO	OO	YES
1077	1237	churchyard	NN	NN	YES
1078	1238	before	OO	OO	YES
1079	1239	daybreak	NN	NN	YES
1080	1241	If	NN	NN	YES
1081	1243	not	RB	RB	YES
1082	1244	willing	JJ	JJ	YES
1083	1245	to	OO	OO	YES
1084	1246	go	VB	VB	YES
1085	1247	outside	OO	OO	YES
1086	1248	the	OO	OO	YES
1087	1249	parameters	NN	NN	YES
1088	1250	set	VB	VB	YES
1089	1251	by	OO	OO	YES
1090	1252	conglomerates	NN	NN	YES
1091	1254	that	OO	OO	YES
1092	1255	safety	NN	NN	YES
1093	1256	net	NN	NN	YES
1094	1257	of	OO	OO	YES
1095	1258	success	NN	NN	YES
1096	1260	theres	RB	OO	NO
1097	1261	no	OO	OO	YES
1098	1262	point	NN	NN	YES
1099	1263	venturing	VB	VB	YES
1100	1264	out	OO	OO	YES
1101	1265	on	OO	OO	YES
1102	1266	your	JJ	JJ	YES
1103	1267	own	JJ	JJ	YES
1104	1270	Lee	NN	NN	YES
1105	1271	assures	NN	VB	NO
1106	1273	Many	JJ	JJ	YES
1107	1274	young	JJ	JJ	YES
1108	1275	entrepreneurs	NN	NN	YES
1109	1276	seem	VB	VB	YES
1110	1277	to	OO	OO	YES
1111	1278	be	VB	VB	YES
1112	1279	jumping	VB	VB	YES
1113	1280	on	OO	OO	YES
1114	1281	the	OO	OO	YES
1115	1282	bandwagon	NN	NN	YES
1116	1284	approaching	VB	VB	YES
1117	1285	the	OO	OO	YES
1118	1286	startup	JJ	NN	NO
1119	1287	game	NN	NN	YES
1120	1288	for	OO	OO	YES
1121	1289	the	OO	OO	YES
1122	1290	wrong	JJ	JJ	YES
1123	1291	reasons	NN	NN	YES
1124	1293	without	OO	OO	YES
1125	1294	any	OO	OO	YES
1126	1295	clear	JJ	JJ	YES
1127	1296	strategy	NN	NN	YES
1128	1297	in	OO	OO	YES
1129	1298	mind	NN	NN	YES
1130	1301	Lee	NN	NN	YES
1131	1302	notes	NN	NN	YES
1132	1304	If	NN	NN	YES
1133	1306	not	RB	RB	YES
1134	1307	hungry	JJ	JJ	YES
1135	1308	enough	RB	RB	YES
1136	1310	if	OO	OO	YES
1137	1312	not	RB	RB	YES
1138	1313	ready	JJ	JJ	YES
1139	1314	to	OO	OO	YES
1140	1315	startup	VB	VB	YES
1141	1316	a	OO	OO	YES
1142	1317	new	JJ	JJ	YES
1143	1318	company	NN	NN	YES
1144	1320	then	RB	RB	YES
1145	1323	better	JJ	JJ	YES
1146	1324	to	OO	OO	YES
1147	1325	jump	VB	VB	YES
1148	1326	ship	NN	NN	YES
1149	1329	President	NN	NN	YES
1150	1330	Park	NN	NN	YES
1151	1332	has	VB	VB	YES
1152	1333	vowed	VB	VB	YES
1153	1334	to	OO	OO	YES
1154	1335	cut	VB	VB	YES
1155	1336	through	OO	OO	YES
1156	1337	red	JJ	JJ	YES
1157	1338	tap	NN	NN	YES
1158	1339	and	OO	OO	YES
1159	1340	provide	VB	VB	YES
1160	1341	financial	JJ	JJ	YES
1161	1342	incentive	NN	NN	YES
1162	1343	for	OO	OO	YES
1163	1344	entrepreneurs	NN	NN	YES
1164	1346	earmarking	VB	VB	YES
1165	1348	92	OO	OO	YES
1166	1349	billion	OO	OO	YES
1167	1350	to	OO	OO	YES
1168	1351	support	VB	VB	YES
1169	1352	small	JJ	JJ	YES
1170	1353	and	OO	OO	YES
1171	1355	businesses	NN	NN	YES
1172	1357	which	OO	OO	YES
1173	1358	also	RB	RB	YES
1174	1359	encompasses	VB	VB	YES
1175	1360	startups	NN	NN	YES
1176	1362	But	OO	OO	YES
1177	1363	getting	VB	VB	YES
1178	1364	startups	NN	NN	YES
1179	1365	off	OO	OO	YES
1180	1366	the	OO	OO	YES
1181	1367	ground	NN	NN	YES
1182	1368	is	VB	VB	YES
1183	1369	one	OO	OO	YES
1184	1370	thing	NN	NN	YES
1185	1372	turning	VB	VB	YES
1186	1373	them	NN	NN	YES
1187	1374	into	OO	OO	YES
1188	1375	sustainable	JJ	JJ	YES
1189	1376	businesses	NN	NN	YES
1190	1377	is	VB	VB	YES
1191	1378	another	OO	OO	YES
1192	1380	It	NN	NN	YES
1193	1381	seems	VB	VB	YES
1194	1382	only	RB	RB	YES
1195	1383	a	OO	OO	YES
1196	1384	matter	NN	NN	YES
1197	1385	of	OO	OO	YES
1198	1386	time	NN	NN	YES
1199	1387	before	OO	OO	YES
1200	1388	such	JJ	JJ	YES
1201	1389	inflated	JJ	JJ	YES
1202	1390	expectations	NN	NN	YES
1203	1391	burst	NN	VB	NO
1204	1393	if	OO	OO	YES
1205	1394	entrepreneurs	NN	NN	YES
1206	1396	keep	VB	VB	YES
1207	1397	at	OO	OO	YES
1208	1398	it	NN	NN	YES
1209	1399	for	OO	OO	YES
1210	1400	the	OO	OO	YES
1211	1401	right	JJ	JJ	YES
1212	1402	reasons	NN	NN	YES
1213	1404	Another	OO	OO	YES
1214	1405	obstacle	NN	NN	YES
1215	1406	for	OO	OO	YES
1216	1407	many	JJ	JJ	YES
1217	1408	entrepreneurs	NN	NN	YES
1218	1409	is	VB	VB	YES
1219	1410	the	OO	OO	YES
1220	1411	apparent	JJ	JJ	YES
1221	1412	lack	NN	NN	YES
1222	1413	of	OO	OO	YES
1223	1414	corporate	JJ	JJ	YES
1224	1415	culture	NN	NN	YES
1225	1416	that	OO	OO	YES
1226	1417	actively	RB	RB	YES
1227	1418	embraces	VB	VB	YES
1228	1420	deals	NN	NN	YES
1229	1422	which	OO	OO	YES
1230	1424	in	OO	OO	YES
1231	1425	turn	NN	NN	YES
1232	1427	rewards	VB	VB	YES
1233	1428	founders	NN	NN	YES
1234	1429	with	OO	OO	YES
1235	1430	attractive	JJ	JJ	YES
1236	1431	valuations	NN	NN	YES
1237	1433	According	VB	VB	YES
1238	1434	to	OO	OO	YES
1239	1435	Go	VB	VB	YES
1240	1438	chairman	NN	NN	YES
1241	1439	of	OO	OO	YES
1242	1440	The	OO	OO	YES
1243	1441	Korean	NN	NN	YES
1244	1442	Business	NN	NN	YES
1245	1443	Angels	NN	NN	YES
1246	1444	Association	NN	NN	YES
1247	1446	the	OO	OO	YES
1248	1447	government	NN	NN	YES
1249	1448	remains	VB	VB	YES
1250	1449	slow	JJ	JJ	YES
1251	1450	at	OO	OO	YES
1252	1451	harnessing	VB	VB	YES
1253	1452	the	OO	OO	YES
1254	1453	potential	NN	NN	YES
1255	1454	of	OO	OO	YES
1256	1455	younger	JJ	JJ	YES
1257	1456	entrepreneurs	NN	NN	YES
1258	1458	many	OO	OO	YES
1259	1459	of	OO	OO	YES
1260	1460	whom	NN	NN	YES
1261	1461	are	VB	VB	YES
1262	1462	still	RB	RB	YES
1263	1463	under	OO	OO	YES
1264	1464	the	OO	OO	YES
1265	1465	spell	NN	NN	YES
1266	1466	of	OO	OO	YES
1267	1467	larger	JJ	JJ	YES
1268	1468	conglomerates	NN	NN	YES
1269	1469	that	OO	OO	YES
1270	1470	hold	VB	VB	YES
1271	1471	a	OO	OO	YES
1272	1472	monopoly	NN	NN	YES
1273	1473	on	OO	OO	YES
1274	1474	the	OO	OO	YES
1275	1475	country	NN	NN	YES
1276	1477	tech	NN	NN	YES
1277	1478	industries	NN	NN	YES
