indexInDoc	indexInText	indexInSentence	sentenceNumber	token	posTag
1	1	1	1	Real	JJ
2	2	2	1	world	NN
3	3	3	1	networks	NN
4	4	4	1	are	VB
5	5	5	1	often	RB
6	6	6	1	large	JJ
7	7	7	1	 	NN
8	8	8	1	there	RB
9	9	9	1	are	VB
10	10	10	1	tens	NN
11	11	11	1	of	OO
12	12	12	1	thousands	NN
13	13	13	1	of	OO
14	14	14	1	human	JJ
15	15	15	1	genes	NN
16	16	16	1	and	OO
17	17	17	1	trillions	NN
18	18	18	1	of	OO
19	19	19	1	connections	NN
20	20	20	1	in	OO
21	21	21	1	the	OO
22	22	22	1	human	JJ
23	23	23	1	brain	NN
24	24	24	1	 	OO
25	25	1	2	Such	JJ
26	26	2	2	scales	NN
27	27	3	2	make	VB
28	28	4	2	human	JJ
29	29	5	2	visual	JJ
30	30	6	2	processing	NN
31	31	7	2	of	OO
32	32	8	2	and	OO
33	33	9	2	decision	NN
34	34	10	2	making	NN
35	35	11	2	with	OO
36	36	12	2	the	OO
37	37	13	2	whole	JJ
38	38	14	2	network	NN
39	39	15	2	prohibitive	NN
40	40	16	2	 	OO
41	41	1	3	This	OO
42	42	2	3	paper	NN
43	43	3	3	investigates	VB
44	44	4	3	algorithms	NN
45	45	5	3	to	OO
46	46	6	3	identify	VB
47	47	7	3	provably	RB
48	48	8	3	good	JJ
49	49	9	3	approximations	NN
50	50	10	3	of	OO
51	51	11	3	the	OO
52	52	12	3	network	NN
53	53	13	3	topology	NN
54	54	14	3	 	OO
55	55	15	3	which	OO
56	56	16	3	capture	NN
57	57	17	3	important	JJ
58	58	18	3	system	NN
59	59	19	3	dynamics	NN
60	60	20	3	while	OO
61	61	21	3	significantly	RB
62	62	22	3	reducing	VB
63	63	23	3	the	OO
64	64	24	3	number	NN
65	65	25	3	of	OO
66	66	26	3	edges	NN
67	67	27	3	to	OO
68	68	28	3	enable	VB
69	69	29	3	tractable	JJ
70	70	30	3	analysis	NN
71	71	31	3	 	OO
72	72	1	4	1	OO
73	73	2	4	arXiv150604767v1	OO
74	74	1	5	cs	NN
75	75	2	5	IT	NN
76	76	3	5	15	OO
77	77	4	5	Jun	NN
78	78	5	5	2015	OO
79	79	6	5	Quinn	NN
80	80	7	5	 	OO
81	81	8	5	Pinar	NN
82	82	9	5	 	OO
83	83	10	5	and	OO
84	84	11	5	Kiyavash	NN
85	85	12	5	Across	OO
86	86	13	5	different	JJ
87	87	14	5	domains	NN
88	88	15	5	 	OO
89	89	16	5	edges	NN
90	90	17	5	are	VB
91	91	18	5	used	VB
92	92	19	5	to	OO
93	93	20	5	model	VB
94	94	21	5	various	JJ
95	95	22	5	kinds	NN
96	96	23	5	of	OO
97	97	24	5	ties	NN
98	98	25	5	such	JJ
99	99	26	5	as	OO
100	100	27	5	physical	JJ
101	101	28	5	connections	NN
102	102	29	5	or	OO
103	103	30	5	dynamic	JJ
104	104	31	5	relationships	NN
105	105	32	5	 	OO
106	106	1	6	For	OO
107	107	2	6	instance	NN
108	108	3	6	 	OO
109	109	4	6	in	OO
110	110	5	6	depicting	VB
111	111	6	6	a	OO
112	112	7	6	computer	NN
113	113	8	6	network	NN
114	114	9	6	 	OO
115	115	10	6	an	OO
116	116	11	6	edge	NN
117	117	12	6	might	VB
118	118	13	6	correspond	VB
119	119	14	6	to	OO
120	120	15	6	a	OO
121	121	16	6	physical	JJ
122	122	17	6	wire	NN
123	123	18	6	or	OO
124	124	19	6	a	OO
125	125	20	6	packet	NN
126	126	21	6	exchange	NN
127	127	22	6	between	OO
128	128	23	6	a	OO
129	129	24	6	sender	NN
130	130	25	6	and	OO
131	131	26	6	a	OO
132	132	27	6	receiver	NN
133	133	28	6	 	OO
134	134	1	7	For	OO
135	135	2	7	the	OO
136	136	3	7	human	JJ
137	137	4	7	brain	NN
138	138	5	7	 	OO
139	139	6	7	edges	NN
140	140	7	7	could	VB
141	141	8	7	correspond	VB
142	142	9	7	to	OO
143	143	10	7	information	NN
144	144	11	7	flow	NN
145	145	12	7	between	OO
146	146	13	7	different	JJ
147	147	14	7	cells	NN
148	148	15	7	or	OO
149	149	16	7	brain	NN
150	150	17	7	regions	NN
151	151	18	7	 	OO
152	152	19	7	Takahashi	NN
153	153	20	7	et	NN
154	154	21	7	al	NN
155	155	22	7	 	OO
156	156	23	7	 	OO
157	157	24	7	2015	OO
158	158	25	7	 	OO
159	159	26	7	Kim	NN
160	160	27	7	et	NN
161	161	28	7	al	NN
162	162	29	7	 	OO
163	163	30	7	 	OO
164	164	31	7	2014	OO
165	165	32	7	 	OO
166	166	33	7	 	OO
167	167	1	8	For	OO
168	168	2	8	online	JJ
169	169	3	8	social	JJ
170	170	4	8	networks	NN
171	171	5	8	 	OO
172	172	6	8	edges	NN
173	173	7	8	might	VB
174	174	8	8	represent	VB
175	175	9	8	userdefined	JJ
176	176	10	8	relationships	NN
177	177	11	8	or	OO
178	178	12	8	pairs	NN
179	179	13	8	of	OO
180	180	14	8	users	NN
181	181	15	8	that	OO
182	182	16	8	frequently	RB
183	183	17	8	message	NN
184	184	18	8	each	OO
185	185	19	8	other	JJ
186	186	20	8	 	OO
187	187	21	8	Ver	NN
188	188	22	8	Steeg	NN
189	189	23	8	and	OO
190	190	24	8	Galstyan	NN
191	191	25	8	 	OO
192	192	26	8	2012	OO
193	193	27	8	 	OO
194	194	28	8	2013	OO
195	195	29	8	 	OO
196	196	30	8	 	OO
197	197	1	9	Edges	NN
198	198	2	9	that	OO
199	199	3	9	represent	VB
200	200	4	9	dynamics	NN
201	201	5	9	often	RB
202	202	6	9	must	VB
203	203	7	9	be	VB
204	204	8	9	inferred	VB
205	205	9	9	from	OO
206	206	10	9	activity	NN
207	207	11	9	 	OO
208	208	12	9	in	OO
209	209	13	9	some	OO
210	210	14	9	cases	NN
211	211	15	9	statistically	RB
212	212	16	9	 	OO
213	213	1	10	There	OO
214	214	2	10	is	VB
215	215	3	10	a	OO
216	216	4	10	large	JJ
217	217	5	10	literature	NN
218	218	6	10	on	OO
219	219	7	10	graphs	NN
220	220	8	10	whose	JJ
221	221	9	10	edges	NN
222	222	10	10	depict	VB
223	223	11	10	statistical	JJ
224	224	12	10	relationships	NN
225	225	13	10	 	OO
226	226	1	11	Markov	NN
227	227	2	11	and	OO
228	228	3	11	Bayesian	NN
229	229	4	11	networks	NN
230	230	5	11	are	VB
231	231	6	11	wellknown	JJ
232	232	7	11	probabilistic	JJ
233	233	8	11	graphical	JJ
234	234	9	11	models	NN
235	235	10	11	whose	JJ
236	236	11	11	edges	NN
237	237	12	11	represent	VB
238	238	13	11	correlation	NN
239	239	14	11	 	OO
240	240	1	12	Many	JJ
241	241	2	12	methods	NN
242	242	3	12	have	VB
243	243	4	12	been	VB
244	244	5	12	proposed	VB
245	245	6	12	to	OO
246	246	7	12	infer	JJ
247	247	8	12	and	OO
248	248	9	12	approximate	JJ
249	249	10	12	the	OO
250	250	11	12	networks	NN
251	251	12	12	from	OO
252	252	13	12	i	NN
253	253	14	12	id	NN
254	254	15	12	 	OO
255	255	1	13	data	NN
256	256	2	13	 	OO
257	257	3	13	often	RB
258	258	4	13	relying	VB
259	259	5	13	on	OO
260	260	6	13	heuristics	NN
261	261	7	13	 	OO
262	262	1	14	Pretty	RB
263	263	2	14	soon	RB
264	264	3	14	I	NN
265	265	4	14	wanted	VB
266	266	5	14	to	OO
267	267	6	14	smoke	VB
268	268	7	14	 	OO
269	269	8	14	and	OO
270	270	9	14	asked	VB
271	271	10	14	the	OO
272	272	11	14	widow	NN
273	273	12	14	to	OO
274	274	13	14	let	VB
275	275	14	14	me	NN
276	276	15	14	 	OO
277	277	1	15	But	OO
278	278	2	15	she	NN
279	279	3	15	would	VB
280	280	4	15	nt	RB
281	281	5	15	 	OO
282	282	1	16	She	NN
283	283	2	16	said	VB
284	284	3	16	it	NN
285	285	4	16	was	VB
286	286	5	16	a	OO
287	287	6	16	mean	JJ
288	288	7	16	practice	NN
289	289	8	16	and	OO
290	290	9	16	was	VB
291	291	10	16	nt	RB
292	292	11	16	clean	JJ
293	293	12	16	 	OO
294	294	13	16	and	OO
295	295	14	16	I	NN
296	296	15	16	must	VB
297	297	16	16	try	VB
298	298	17	16	to	OO
299	299	18	16	not	RB
300	300	19	16	do	VB
301	301	20	16	it	NN
302	302	21	16	any	OO
303	303	22	16	more	RB
304	304	23	16	 	OO
305	305	1	17	That	OO
306	306	2	17	is	VB
307	307	3	17	just	RB
308	308	4	17	the	OO
309	309	5	17	way	NN
310	310	6	17	with	OO
311	311	7	17	some	OO
312	312	8	17	people	NN
313	313	9	17	 	OO
314	314	1	18	They	NN
315	315	2	18	get	VB
316	316	3	18	down	RB
317	317	4	18	on	OO
318	318	5	18	a	OO
319	319	6	18	thing	NN
320	320	7	18	when	RB
321	321	8	18	they	NN
322	322	9	18	do	VB
323	323	10	18	nt	RB
324	324	11	18	know	VB
325	325	12	18	nothing	NN
326	326	13	18	about	OO
327	327	14	18	it	NN
328	328	15	18	 	OO
329	329	1	19	Here	RB
330	330	2	19	she	NN
331	331	3	19	was	VB
332	332	4	19	abothering	VB
333	333	5	19	about	OO
334	334	6	19	Moses	NN
335	335	7	19	 	OO
336	336	8	19	which	OO
337	337	9	19	was	VB
338	338	10	19	no	OO
339	339	11	19	kin	NN
340	340	12	19	to	OO
341	341	13	19	her	NN
342	342	14	19	 	OO
343	343	15	19	and	OO
344	344	16	19	no	OO
345	345	17	19	use	NN
346	346	18	19	to	OO
347	347	19	19	anybody	NN
348	348	20	19	 	OO
349	349	21	19	being	VB
350	350	22	19	gone	VB
351	351	23	19	 	OO
352	352	24	19	you	NN
353	353	25	19	see	VB
354	354	26	19	 	OO
355	355	27	19	yet	RB
356	356	28	19	finding	VB
357	357	29	19	a	OO
358	358	30	19	power	NN
359	359	31	19	of	OO
360	360	32	19	fault	NN
361	361	33	19	with	OO
362	362	34	19	me	NN
363	363	35	19	for	OO
364	364	36	19	doing	VB
365	365	37	19	a	OO
366	366	38	19	thing	NN
367	367	39	19	that	OO
368	368	40	19	had	VB
369	369	41	19	some	OO
370	370	42	19	good	JJ
371	371	43	19	in	OO
372	372	44	19	it	NN
373	373	45	19	 	OO
374	374	1	20	And	OO
375	375	2	20	she	NN
376	376	3	20	took	VB
377	377	4	20	snuff	NN
378	378	5	20	 	OO
379	379	6	20	too	RB
380	380	7	20	 	OO
381	381	8	20	of	OO
382	382	9	20	course	NN
383	383	10	20	that	OO
384	384	11	20	was	VB
385	385	12	20	all	OO
386	386	13	20	right	JJ
387	387	14	20	 	OO
388	388	15	20	because	OO
389	389	16	20	she	NN
390	390	17	20	done	VB
391	391	18	20	it	NN
392	392	19	20	herself	NN
393	393	20	20	 	OO
394	394	1	21	Her	JJ
395	395	2	21	sister	NN
396	396	3	21	 	OO
397	397	4	21	Miss	NN
398	398	5	21	Watson	NN
399	399	6	21	 	OO
400	400	7	21	a	OO
401	401	8	21	tolerable	JJ
402	402	9	21	slim	JJ
403	403	10	21	old	JJ
404	404	11	21	maid	NN
405	405	12	21	 	OO
406	406	13	21	with	OO
407	407	14	21	goggles	NN
408	408	15	21	on	OO
409	409	16	21	 	OO
410	410	17	21	had	VB
411	411	18	21	just	RB
412	412	19	21	come	VB
413	413	20	21	to	OO
414	414	21	21	live	VB
415	415	22	21	with	OO
416	416	23	21	her	NN
417	417	24	21	 	OO
418	418	25	21	and	OO
419	419	26	21	took	VB
420	420	27	21	a	OO
421	421	28	21	set	NN
422	422	29	21	at	OO
423	423	30	21	me	NN
424	424	31	21	now	RB
425	425	32	21	with	OO
426	426	33	21	a	OO
427	427	34	21	spellingbook	NN
428	428	35	21	 	OO
429	429	1	22	She	NN
430	430	2	22	worked	VB
431	431	3	22	me	NN
432	432	4	22	middling	VB
433	433	5	22	hard	JJ
434	434	6	22	for	OO
435	435	7	22	about	OO
436	436	8	22	an	OO
437	437	9	22	hour	NN
438	438	10	22	 	OO
439	439	11	22	and	OO
440	440	12	22	then	RB
441	441	13	22	the	OO
442	442	14	22	widow	NN
443	443	15	22	made	VB
444	444	16	22	her	JJ
445	445	17	22	ease	NN
446	446	18	22	up	RB
447	447	19	22	 	OO
448	448	1	23	I	NN
449	449	2	23	could	VB
450	450	3	23	nt	RB
451	451	4	23	stood	VB
452	452	5	23	it	NN
453	453	6	23	much	RB
454	454	7	23	longer	RB
455	455	8	23	 	OO
456	456	1	24	Then	RB
457	457	2	24	for	OO
458	458	3	24	an	OO
459	459	4	24	hour	NN
460	460	5	24	it	NN
461	461	6	24	was	VB
462	462	7	24	deadly	JJ
463	463	8	24	dull	JJ
464	464	9	24	 	OO
465	465	10	24	and	OO
466	466	11	24	I	NN
467	467	12	24	was	VB
468	468	13	24	fidgety	NN
469	469	14	24	 	OO
470	470	1	25	Miss	NN
471	471	2	25	Watson	NN
472	472	3	25	would	VB
473	473	4	25	say	VB
474	474	5	25	 	OO
475	475	6	25	 	OO
476	476	7	25	Do	VB
477	477	8	25	nt	RB
478	478	9	25	put	VB
479	479	10	25	your	JJ
480	480	11	25	feet	NN
481	481	12	25	up	OO
482	482	13	25	there	RB
483	483	14	25	 	OO
484	484	15	25	Huckleberry	NN
485	485	16	25	 	OO
486	486	17	25	 	OO
487	487	18	25	and	OO
488	488	19	25	 	OO
489	489	20	25	Do	VB
490	490	21	25	nt	RB
491	491	22	25	scrunch	VB
492	492	23	25	up	OO
493	493	24	25	like	OO
494	494	25	25	that	OO
495	495	26	25	 	OO
496	496	27	25	Huckleberryset	VB
497	497	28	25	up	RB
498	498	29	25	straight	RB
499	499	30	25	 	OO
500	500	31	25	 	OO
501	501	32	25	and	OO
502	502	33	25	pretty	RB
503	503	34	25	soon	RB
504	504	35	25	she	NN
505	505	36	25	would	VB
506	506	37	25	say	VB
507	507	38	25	 	OO
508	508	39	25	 	OO
509	509	40	25	Do	VB
510	510	41	25	nt	RB
511	511	42	25	gap	NN
512	512	43	25	and	OO
513	513	44	25	stretch	VB
514	514	45	25	like	OO
515	515	46	25	that	OO
516	516	47	25	 	OO
517	517	48	25	Huckleberrywhy	NN
518	518	49	25	do	VB
519	519	50	25	nt	RB
520	520	51	25	you	NN
521	521	52	25	try	VB
522	522	53	25	to	OO
523	523	54	25	behave	VB
524	524	55	25	 	OO
525	525	56	25	 	OO
526	526	57	25	Brahinsky	NN
527	527	58	25	said	VB
528	528	59	25	that	OO
529	529	60	25	the	OO
530	530	61	25	University	NN
531	531	62	25	of	OO
532	532	63	25	California	NN
533	533	64	25	has	VB
534	534	65	25	 	OO
535	535	66	25	made	VB
536	536	67	25	a	OO
537	537	68	25	priority	NN
538	538	69	25	out	OO
539	539	70	25	of	OO
540	540	71	25	administrative	JJ
541	541	72	25	spending	NN
542	542	73	25	 	OO
543	543	74	25	 	OO
544	544	75	25	noting	VB
545	545	76	25	that	OO
546	546	77	25	it	NN
547	547	78	25	has	VB
548	548	79	25	increased	VB
549	549	80	25	by	OO
550	550	81	25	over	OO
551	551	82	25	250	OO
552	552	83	25	 	NN
553	553	84	25	in	OO
554	554	85	25	the	OO
555	555	86	25	last	JJ
556	556	87	25	20	OO
557	557	88	25	years	NN
558	558	89	25	 	OO
559	559	1	26	The	OO
560	560	2	26	growth	NN
561	561	3	26	of	OO
562	562	4	26	faculty	NN
563	563	5	26	spending	NN
564	564	6	26	over	OO
565	565	7	26	the	OO
566	566	8	26	same	JJ
567	567	9	26	time	NN
568	568	10	26	period	NN
569	569	11	26	has	VB
570	570	12	26	only	RB
571	571	13	26	increased	VB
572	572	14	26	by	OO
573	573	15	26	50	OO
574	574	16	26	 	NN
575	575	17	26	 	OO
576	576	18	26	he	NN
577	577	19	26	said	VB
578	578	20	26	 	OO
579	579	21	26	adding	VB
580	580	22	26	that	OO
581	581	23	26	20	OO
582	582	24	26	years	NN
583	583	25	26	ago	OO
584	584	26	26	there	OO
585	585	27	26	were	VB
586	586	28	26	five	OO
587	587	29	26	faculty	NN
588	588	30	26	members	NN
589	589	31	26	for	OO
590	590	32	26	every	OO
591	591	33	26	two	OO
592	592	34	26	administrators	NN
593	593	35	26	 	OO
594	594	36	26	but	OO
595	595	37	26	the	OO
596	596	38	26	figure	NN
597	597	39	26	has	VB
598	598	40	26	shifted	VB
599	599	41	26	dramatically	RB
600	600	42	26	 	OO
601	601	43	26	and	OO
602	602	44	26	presently	RB
603	603	45	26	there	OO
604	604	46	26	are	VB
605	605	47	26	only	RB
606	606	48	26	five	OO
607	607	49	26	faculty	NN
608	608	50	26	members	NN
609	609	51	26	for	OO
610	610	52	26	every	OO
611	611	53	26	six	OO
612	612	54	26	administrators	NN
613	613	55	26	 	OO
614	614	56	26	on	OO
615	615	57	26	average	NN
616	616	58	26	 	OO
617	617	1	27	 	OO
618	618	2	27	The	OO
619	619	3	27	administration	NN
620	620	4	27	is	VB
621	621	5	27	growing	VB
622	622	6	27	and	OO
623	623	7	27	has	VB
624	624	8	27	surpassed	VB
625	625	9	27	the	OO
626	626	10	27	faculty	NN
627	627	11	27	 	OO
628	628	12	27	 	OO
629	629	13	27	he	NN
630	630	14	27	said	VB
631	631	15	27	 	OO
632	632	1	28	 	OO
633	633	2	28	The	OO
634	634	3	28	priorities	NN
635	635	4	28	of	OO
636	636	5	28	the	OO
637	637	6	28	UC	NN
638	638	7	28	are	VB
639	639	8	28	something	NN
640	640	9	28	that	OO
641	641	10	28	ought	VB
642	642	11	28	to	OO
643	643	12	28	be	VB
644	644	13	28	democratic	JJ
645	645	14	28	 	OO
646	646	15	28	 	OO
647	647	16	28	Brahinsky	NN
648	648	17	28	said	VB
649	649	18	28	 	OO
650	650	1	29	 	OO
651	651	2	29	We	NN
652	652	3	29	can	VB
653	653	4	29	have	VB
654	654	5	29	a	OO
655	655	6	29	say	NN
656	656	7	29	in	OO
657	657	8	29	that	OO
658	658	9	29	 	OO
659	659	10	29	and	OO
660	660	11	29	so	RB
661	661	12	29	we	NN
662	662	13	29	should	VB
663	663	14	29	 	OO
664	664	15	29	 	OO
665	665	1	30	To	OO
666	666	2	30	learn	VB
667	667	3	30	more	JJ
668	668	4	30	about	OO
669	669	5	30	the	OO
670	670	6	30	University	NN
671	671	7	30	of	OO
672	672	8	30	California	NN
673	673	9	30	s	OO
674	674	10	30	budget	NN
675	675	11	30	 	OO
676	676	12	30	Brahinsky	NN
677	677	13	30	recommended	VB
678	678	14	30	attendance	NN
679	679	15	30	at	OO
680	680	16	30	a	OO
681	681	17	30	workshop	NN
682	682	18	30	to	OO
683	683	19	30	be	VB
684	684	20	30	held	VB
685	685	21	30	by	OO
686	686	22	30	Autonomous	NN
687	687	23	30	Students	NN
688	688	24	30	UCSC	NN
689	689	25	30	 	OO
690	690	26	30	a	OO
691	691	27	30	student	NN
692	692	28	30	organization	NN
693	693	29	30	that	OO
694	694	30	30	was	VB
695	695	31	30	tabling	VB
696	696	32	30	at	OO
697	697	33	30	the	OO
698	698	34	30	picnic	NN
699	699	35	30	 	OO
700	700	1	31	AFT	NN
701	701	2	31	Local	JJ
702	702	3	31	2199	OO
703	703	4	31	President	NN
704	704	5	31	Roxi	NN
705	705	6	31	Power	NN
706	706	7	31	also	RB
707	707	8	31	spoke	VB
708	708	9	31	at	OO
709	709	10	31	the	OO
710	710	11	31	midday	JJ
711	711	12	31	rally	NN
712	712	13	31	 	OO
713	713	14	31	as	OO
714	714	15	31	did	VB
715	715	16	31	Mike	NN
716	716	17	31	Rotkin	NN
717	717	18	31	 	OO
718	718	19	31	AFT	NN
719	719	20	31	s	OO
720	720	21	31	longest	JJ
721	721	22	31	running	VB
722	722	23	31	President	NN
723	723	24	31	at	OO
724	724	25	31	UC	NN
725	725	26	31	Santa	NN
726	726	27	31	Cruz	NN
727	727	28	31	 	OO
728	728	1	32	After	OO
729	729	2	32	the	OO
730	730	3	32	speakers	NN
731	731	4	32	were	VB
732	732	5	32	heard	VB
733	733	6	32	 	OO
734	734	7	32	a	OO
735	735	8	32	street	NN
736	736	9	32	theater	NN
737	737	10	32	segment	NN
738	738	11	32	was	VB
739	739	12	32	performed	VB
740	740	13	32	with	OO
741	741	14	32	UC	NN
742	742	15	32	administrators	NN
743	743	16	32	portrayed	VB
744	744	17	32	as	OO
745	745	18	32	tophat	JJ
746	746	19	32	wearing	VB
747	747	20	32	characters	NN
748	748	21	32	from	OO
749	749	22	32	the	OO
750	750	23	32	Monopoly	NN
751	751	24	32	board	NN
752	752	25	32	game	NN
753	753	26	32	 	OO
754	754	1	33	Many	JJ
755	755	2	33	participants	NN
756	756	3	33	were	VB
757	757	4	33	dressed	VB
758	758	5	33	in	OO
759	759	6	33	graduation	NN
760	760	7	33	gowns	NN
761	761	8	33	 	OO
762	762	9	33	and	OO
763	763	10	33	union	NN
764	764	11	33	members	NN
765	765	12	33	distributed	VB
766	766	13	33	the	OO
767	767	14	33	lyrics	NN
768	768	15	33	to	OO
769	769	16	33	a	OO
770	770	17	33	variety	NN
771	771	18	33	of	OO
772	772	19	33	songs	NN
773	773	20	33	to	OO
774	774	21	33	those	OO
775	775	22	33	in	OO
776	776	23	33	attendance	NN
777	777	24	33	so	OO
778	778	25	33	that	OO
779	779	26	33	the	OO
780	780	27	33	group	NN
781	781	28	33	could	VB
782	782	29	33	serve	VB
783	783	30	33	as	OO
784	784	31	33	the	OO
785	785	32	33	musical	JJ
786	786	33	33	chorus	NN
787	787	34	33	in	OO
788	788	35	33	the	OO
789	789	36	33	skit	NN
790	790	37	33	 	OO
791	791	1	34	Another	JJ
792	792	2	34	popular	JJ
793	793	3	34	approach	NN
794	794	4	34	is	VB
795	795	5	34	inspired	VB
796	796	6	34	by	OO
797	797	7	34	the	OO
798	798	8	34	theory	NN
799	799	9	34	of	OO
800	800	10	34	intervening	JJ
801	801	11	34	opportunities	NN
802	802	12	34	and	OO
803	803	13	34	it	NN
804	804	14	34	has	VB
805	805	15	34	been	VB
806	806	16	34	concreted	VB
807	807	17	34	into	OO
808	808	18	34	the	OO
809	809	19	34	socalled	JJ
810	810	20	34	radiation	NN
811	811	21	34	models	NN
812	812	22	34	 	OO
813	813	1	35	Individuals	NN
814	814	2	35	are	VB
815	815	3	35	supposed	VB
816	816	4	35	to	OO
817	817	5	35	travel	VB
818	818	6	35	until	OO
819	819	7	35	they	NN
820	820	8	35	find	VB
821	821	9	35	a	OO
822	822	10	35	job	NN
823	823	11	35	opportunity	NN
824	824	12	35	 	OO
825	825	13	35	so	OO
826	826	14	35	the	OO
827	827	15	35	population	NN
828	828	16	35	and	OO
829	829	17	35	jobs	NN
830	830	18	35	spatial	JJ
831	831	19	35	distributions	NN
832	832	20	35	naturally	RB
833	833	21	35	lead	VB
834	834	22	35	to	OO
835	835	23	35	a	OO
836	836	24	35	trip	NN
837	837	25	35	flow	NN
838	838	26	35	network	NN
839	839	27	35	 	OO
840	840	1	36	In	OO
841	841	2	36	this	OO
842	842	3	36	paper	NN
843	843	4	36	 	OO
844	844	5	36	we	NN
845	845	6	36	perform	VB
846	846	7	36	a	OO
847	847	8	36	thorough	JJ
848	848	9	36	comparison	NN
849	849	10	36	between	OO
850	850	11	36	the	OO
851	851	12	36	gravity	NN
852	852	13	36	and	OO
853	853	14	36	the	OO
854	854	15	36	radiation	NN
855	855	16	36	approaches	NN
856	856	17	36	in	OO
857	857	18	36	their	JJ
858	858	19	36	ability	NN
859	859	20	36	at	OO
860	860	21	36	estimating	VB
861	861	22	36	commuting	JJ
862	862	23	36	flows	NN
863	863	24	36	 	OO
864	864	1	37	We	NN
865	865	2	37	test	VB
866	866	3	37	the	OO
867	867	4	37	gravity	NN
868	868	5	37	and	OO
869	869	6	37	the	OO
870	870	7	37	radiation	NN
871	871	8	37	laws	NN
872	872	9	37	against	OO
873	873	10	37	empirical	JJ
874	874	11	37	trip	NN
875	875	12	37	data	NN
876	876	13	37	at	OO
877	877	14	37	different	JJ
878	878	15	37	scales	NN
879	879	16	37	and	OO
880	880	17	37	coming	VB
881	881	18	37	from	OO
882	882	19	37	different	JJ
883	883	20	37	countries	NN
884	884	21	37	 	OO
885	885	1	38	Different	JJ
886	886	2	38	versions	NN
887	887	3	38	of	OO
888	888	4	38	the	OO
889	889	5	38	gravity	NN
890	890	6	38	and	OO
891	891	7	38	the	OO
892	892	8	38	radiation	NN
893	893	9	38	laws	NN
894	894	10	38	are	VB
895	895	11	38	used	VB
896	896	12	38	to	OO
897	897	13	38	estimate	VB
898	898	14	38	the	OO
899	899	15	38	probability	NN
900	900	16	38	that	OO
901	901	17	38	an	OO
902	902	18	38	individual	NN
903	903	19	38	has	VB
904	904	20	38	to	OO
905	905	21	38	commute	NN
906	906	22	38	from	OO
907	907	23	38	one	NN
908	908	24	38	unit	NN
909	909	25	38	to	OO
910	910	26	38	another	OO
911	911	27	38	 	OO
912	912	28	38	called	VB
913	913	29	38	trip	NN
914	914	30	38	distribution	NN
915	915	31	38	law	NN
916	916	32	38	 	OO
917	917	1	39	Based	VB
918	918	2	39	on	OO
919	919	3	39	these	OO
920	920	4	39	probability	NN
921	921	5	39	distribution	NN
922	922	6	39	the	OO
923	923	7	39	commuting	NN
924	924	8	39	networks	NN
925	925	9	39	are	VB
926	926	10	39	simulated	VB
927	927	11	39	with	OO
928	928	12	39	different	JJ
929	929	13	39	trip	NN
930	930	14	39	distribution	NN
931	931	15	39	models	NN
932	932	16	39	 	OO
933	933	1	40	We	NN
934	934	2	40	show	VB
935	935	3	40	that	OO
936	936	4	40	the	OO
937	937	5	40	gravity	NN
938	938	6	40	law	NN
939	939	7	40	performs	VB
940	940	8	40	better	JJ
941	941	9	40	than	OO
942	942	10	40	the	OO
943	943	11	40	radiation	NN
944	944	12	40	law	NN
945	945	13	40	to	OO
946	946	14	40	estimate	VB
947	947	15	40	the	OO
948	948	16	40	commuting	NN
949	949	17	40	flows	VB
950	950	18	40	 	OO
951	951	19	40	to	OO
952	952	20	40	preserve	VB
953	953	21	40	the	OO
954	954	22	40	structure	NN
955	955	23	40	of	OO
956	956	24	40	the	OO
957	957	25	40	network	NN
958	958	26	40	and	OO
959	959	27	40	to	OO
960	960	28	40	fit	VB
961	961	29	40	the	OO
962	962	30	40	commuting	NN
963	963	31	40	distance	NN
964	964	32	40	distribution	NN
965	965	33	40	although	OO
966	966	34	40	it	NN
967	967	35	40	fails	VB
968	968	36	40	at	OO
969	969	37	40	predicting	VB
970	970	38	40	commuting	JJ
971	971	39	40	flows	NN
972	972	40	40	at	OO
973	973	41	40	large	JJ
974	974	42	40	distances	NN
975	975	43	40	 	OO
976	976	1	41	Finally	RB
977	977	2	41	 	OO
978	978	3	41	we	NN
979	979	4	41	show	VB
980	980	5	41	that	OO
981	981	6	41	both	OO
982	982	7	41	approaches	NN
983	983	8	41	can	VB
984	984	9	41	be	VB
985	985	10	41	used	VB
986	986	11	41	in	OO
987	987	12	41	absence	NN
988	988	13	41	of	OO
989	989	14	41	detailed	JJ
990	990	15	41	data	NN
991	991	16	41	for	OO
992	992	17	41	calibration	NN
993	993	18	41	since	OO
994	994	19	41	the	OO
995	995	20	41	only	JJ
996	996	21	41	parameter	NN
997	997	22	41	of	OO
998	998	23	41	both	OO
999	999	24	41	the	OO
1000	1000	25	41	gravity	NN
1001	1001	26	41	and	OO
1002	1002	27	41	the	OO
1003	1003	28	41	radiation	NN
1004	1004	29	41	laws	NN
1005	1005	30	41	depends	VB
1006	1006	31	41	only	RB
1007	1007	32	41	on	OO
1008	1008	33	41	the	OO
1009	1009	34	41	scale	NN
1010	1010	35	41	of	OO
1011	1011	36	41	the	OO
1012	1012	37	41	geographic	JJ
1013	1013	38	41	unit	NN
1014	1014	39	41	 	OO
1015	1015	1	42	The	OO
1016	1016	2	42	dominant	JJ
1017	1017	3	42	spirit	NN
1018	1018	4	42	 	OO
1019	1019	5	42	however	RB
1020	1020	6	42	 	OO
1021	1021	7	42	that	OO
1022	1022	8	42	haunts	VB
1023	1023	9	42	this	OO
1024	1024	10	42	enchanted	JJ
1025	1025	11	42	region	NN
1026	1026	12	42	 	OO
1027	1027	13	42	and	OO
1028	1028	14	42	seems	VB
1029	1029	15	42	to	OO
1030	1030	16	42	be	VB
1031	1031	17	42	commanderinchief	JJ
1032	1032	18	42	of	OO
1033	1033	19	42	all	OO
1034	1034	20	42	the	OO
1035	1035	21	42	powers	NN
1036	1036	22	42	of	OO
1037	1037	23	42	the	OO
1038	1038	24	42	air	NN
1039	1039	25	42	 	OO
1040	1040	26	42	is	VB
1041	1041	27	42	the	OO
1042	1042	28	42	apparition	NN
1043	1043	29	42	of	OO
1044	1044	30	42	a	OO
1045	1045	31	42	figure	NN
1046	1046	32	42	on	OO
1047	1047	33	42	horseback	NN
1048	1048	34	42	 	OO
1049	1049	35	42	without	OO
1050	1050	36	42	a	OO
1051	1051	37	42	head	NN
1052	1052	38	42	 	OO
1053	1053	1	43	It	NN
1054	1054	2	43	is	VB
1055	1055	3	43	said	VB
1056	1056	4	43	by	OO
1057	1057	5	43	some	OO
1058	1058	6	43	to	OO
1059	1059	7	43	be	VB
1060	1060	8	43	the	OO
1061	1061	9	43	ghost	NN
1062	1062	10	43	of	OO
1063	1063	11	43	a	OO
1064	1064	12	43	Hessian	NN
1065	1065	13	43	trooper	NN
1066	1066	14	43	 	OO
1067	1067	15	43	whose	JJ
1068	1068	16	43	head	NN
1069	1069	17	43	had	VB
1070	1070	18	43	been	VB
1071	1071	19	43	carried	VB
1072	1072	20	43	away	RB
1073	1073	21	43	by	OO
1074	1074	22	43	a	OO
1075	1075	23	43	cannonball	NN
1076	1076	24	43	 	OO
1077	1077	25	43	in	OO
1078	1078	26	43	some	OO
1079	1079	27	43	nameless	JJ
1080	1080	28	43	battle	NN
1081	1081	29	43	during	OO
1082	1082	30	43	the	OO
1083	1083	31	43	Revolutionary	NN
1084	1084	32	43	War	NN
1085	1085	33	43	 	OO
1086	1086	34	43	and	OO
1087	1087	35	43	who	NN
1088	1088	36	43	is	VB
1089	1089	37	43	ever	RB
1090	1090	38	43	and	OO
1091	1091	39	43	anon	OO
1092	1092	40	43	seen	VB
1093	1093	41	43	by	OO
1094	1094	42	43	the	OO
1095	1095	43	43	country	NN
1096	1096	44	43	folk	NN
1097	1097	45	43	hurrying	VB
1098	1098	46	43	along	OO
1099	1099	47	43	in	OO
1100	1100	48	43	the	OO
1101	1101	49	43	gloom	NN
1102	1102	50	43	of	OO
1103	1103	51	43	night	NN
1104	1104	52	43	 	OO
1105	1105	53	43	as	OO
1106	1106	54	43	if	OO
1107	1107	55	43	on	OO
1108	1108	56	43	the	OO
1109	1109	57	43	wings	NN
1110	1110	58	43	of	OO
1111	1111	59	43	the	OO
1112	1112	60	43	wind	NN
1113	1113	61	43	 	OO
1114	1114	1	44	His	JJ
1115	1115	2	44	haunts	NN
1116	1116	3	44	are	VB
1117	1117	4	44	not	RB
1118	1118	5	44	confined	VB
1119	1119	6	44	to	OO
1120	1120	7	44	the	OO
1121	1121	8	44	valley	NN
1122	1122	9	44	 	OO
1123	1123	10	44	but	OO
1124	1124	11	44	extend	VB
1125	1125	12	44	at	OO
1126	1126	13	44	times	NN
1127	1127	14	44	to	OO
1128	1128	15	44	the	OO
1129	1129	16	44	adjacent	JJ
1130	1130	17	44	roads	NN
1131	1131	18	44	 	OO
1132	1132	19	44	and	OO
1133	1133	20	44	especially	RB
1134	1134	21	44	to	OO
1135	1135	22	44	the	OO
1136	1136	23	44	vicinity	NN
1137	1137	24	44	of	OO
1138	1138	25	44	a	OO
1139	1139	26	44	church	NN
1140	1140	27	44	at	OO
1141	1141	28	44	no	OO
1142	1142	29	44	great	JJ
1143	1143	30	44	distance	NN
1144	1144	31	44	 	OO
1145	1145	1	45	Indeed	RB
1146	1146	2	45	 	OO
1147	1147	3	45	certain	JJ
1148	1148	4	45	of	OO
1149	1149	5	45	the	OO
1150	1150	6	45	most	RB
1151	1151	7	45	authentic	JJ
1152	1152	8	45	historians	NN
1153	1153	9	45	of	OO
1154	1154	10	45	those	OO
1155	1155	11	45	parts	NN
1156	1156	12	45	 	OO
1157	1157	13	45	who	NN
1158	1158	14	45	have	VB
1159	1159	15	45	been	VB
1160	1160	16	45	careful	JJ
1161	1161	17	45	in	OO
1162	1162	18	45	collecting	VB
1163	1163	19	45	and	OO
1164	1164	20	45	collating	VB
1165	1165	21	45	the	OO
1166	1166	22	45	floating	JJ
1167	1167	23	45	facts	NN
1168	1168	24	45	concerning	VB
1169	1169	25	45	this	OO
1170	1170	26	45	spectre	NN
1171	1171	27	45	 	OO
1172	1172	28	45	allege	NN
1173	1173	29	45	that	OO
1174	1174	30	45	the	OO
1175	1175	31	45	body	NN
1176	1176	32	45	of	OO
1177	1177	33	45	the	OO
1178	1178	34	45	trooper	NN
1179	1179	35	45	having	VB
1180	1180	36	45	been	VB
1181	1181	37	45	buried	VB
1182	1182	38	45	in	OO
1183	1183	39	45	the	OO
1184	1184	40	45	churchyard	NN
1185	1185	41	45	 	OO
1186	1186	42	45	the	OO
1187	1187	43	45	ghost	NN
1188	1188	44	45	rides	NN
1189	1189	45	45	forth	RB
1190	1190	46	45	to	OO
1191	1191	47	45	the	OO
1192	1192	48	45	scene	NN
1193	1193	49	45	of	OO
1194	1194	50	45	battle	NN
1195	1195	51	45	in	OO
1196	1196	52	45	nightly	OO
1197	1197	53	45	quest	NN
1198	1198	54	45	of	OO
1199	1199	55	45	his	JJ
1200	1200	56	45	head	NN
1201	1201	57	45	 	OO
1202	1202	58	45	and	OO
1203	1203	59	45	that	OO
1204	1204	60	45	the	OO
1205	1205	61	45	rushing	VB
1206	1206	62	45	speed	NN
1207	1207	63	45	with	OO
1208	1208	64	45	which	OO
1209	1209	65	45	he	NN
1210	1210	66	45	sometimes	RB
1211	1211	67	45	passes	VB
1212	1212	68	45	along	OO
1213	1213	69	45	the	OO
1214	1214	70	45	Hollow	NN
1215	1215	71	45	 	OO
1216	1216	72	45	like	OO
1217	1217	73	45	a	OO
1218	1218	74	45	midnight	NN
1219	1219	75	45	blast	NN
1220	1220	76	45	 	OO
1221	1221	77	45	is	VB
1222	1222	78	45	owing	VB
1223	1223	79	45	to	OO
1224	1224	80	45	his	JJ
1225	1225	81	45	being	VB
1226	1226	82	45	belated	VB
1227	1227	83	45	 	OO
1228	1228	84	45	and	OO
1229	1229	85	45	in	OO
1230	1230	86	45	a	OO
1231	1231	87	45	hurry	NN
1232	1232	88	45	to	OO
1233	1233	89	45	get	VB
1234	1234	90	45	back	RB
1235	1235	91	45	to	OO
1236	1236	92	45	the	OO
1237	1237	93	45	churchyard	NN
1238	1238	94	45	before	OO
1239	1239	95	45	daybreak	NN
1240	1240	96	45	 	OO
1241	1241	1	46	If	NN
1242	1242	2	46	youre	NN
1243	1243	3	46	not	RB
1244	1244	4	46	willing	JJ
1245	1245	5	46	to	OO
1246	1246	6	46	go	VB
1247	1247	7	46	outside	OO
1248	1248	8	46	the	OO
1249	1249	9	46	parameters	NN
1250	1250	10	46	set	VB
1251	1251	11	46	by	OO
1252	1252	12	46	conglomerates	NN
1253	1253	13	46	 	OO
1254	1254	14	46	that	OO
1255	1255	15	46	safety	NN
1256	1256	16	46	net	NN
1257	1257	17	46	of	OO
1258	1258	18	46	success	NN
1259	1259	19	46	 	OO
1260	1260	20	46	theres	RB
1261	1261	21	46	no	OO
1262	1262	22	46	point	NN
1263	1263	23	46	venturing	VB
1264	1264	24	46	out	OO
1265	1265	25	46	on	OO
1266	1266	26	46	your	JJ
1267	1267	27	46	own	JJ
1268	1268	28	46	 	OO
1269	1269	29	46	 	JJ
1270	1270	30	46	Lee	NN
1271	1271	31	46	assures	NN
1272	1272	32	46	 	OO
1273	1273	1	47	Many	JJ
1274	1274	2	47	young	JJ
1275	1275	3	47	entrepreneurs	NN
1276	1276	4	47	seem	VB
1277	1277	5	47	to	OO
1278	1278	6	47	be	VB
1279	1279	7	47	jumping	VB
1280	1280	8	47	on	OO
1281	1281	9	47	the	OO
1282	1282	10	47	bandwagon	NN
1283	1283	11	47	 	OO
1284	1284	12	47	approaching	VB
1285	1285	13	47	the	OO
1286	1286	14	47	startup	JJ
1287	1287	15	47	game	NN
1288	1288	16	47	for	OO
1289	1289	17	47	the	OO
1290	1290	18	47	wrong	JJ
1291	1291	19	47	reasons	NN
1292	1292	20	47	 	OO
1293	1293	21	47	without	OO
1294	1294	22	47	any	OO
1295	1295	23	47	clear	JJ
1296	1296	24	47	strategy	NN
1297	1297	25	47	in	OO
1298	1298	26	47	mind	NN
1299	1299	27	47	 	OO
1300	1300	28	47	 	NN
1301	1301	29	47	Lee	NN
1302	1302	30	47	notes	NN
1303	1303	31	47	 	OO
1304	1304	1	48	If	NN
1305	1305	2	48	youre	NN
1306	1306	3	48	not	RB
1307	1307	4	48	hungry	JJ
1308	1308	5	48	enough	RB
1309	1309	6	48	 	OO
1310	1310	7	48	if	OO
1311	1311	8	48	youre	NN
1312	1312	9	48	not	RB
1313	1313	10	48	ready	JJ
1314	1314	11	48	to	OO
1315	1315	12	48	startup	VB
1316	1316	13	48	a	OO
1317	1317	14	48	new	JJ
1318	1318	15	48	company	NN
1319	1319	16	48	 	OO
1320	1320	17	48	then	RB
1321	1321	18	48	it	NN
1322	1322	19	48	s	VB
1323	1323	20	48	better	JJ
1324	1324	21	48	to	OO
1325	1325	22	48	jump	VB
1326	1326	23	48	ship	NN
1327	1327	24	48	 	OO
1328	1328	25	48	 	OO
1329	1329	1	49	President	NN
1330	1330	2	49	Park	NN
1331	1331	3	49	Geunhye	NN
1332	1332	4	49	has	VB
1333	1333	5	49	vowed	VB
1334	1334	6	49	to	OO
1335	1335	7	49	cut	VB
1336	1336	8	49	through	OO
1337	1337	9	49	red	JJ
1338	1338	10	49	tap	NN
1339	1339	11	49	and	OO
1340	1340	12	49	provide	VB
1341	1341	13	49	financial	JJ
1342	1342	14	49	incentive	NN
1343	1343	15	49	for	OO
1344	1344	16	49	entrepreneurs	NN
1345	1345	17	49	 	OO
1346	1346	18	49	earmarking	VB
1347	1347	19	49	 	OO
1348	1348	20	49	92	OO
1349	1349	21	49	billion	OO
1350	1350	22	49	to	OO
1351	1351	23	49	support	VB
1352	1352	24	49	small	JJ
1353	1353	25	49	and	OO
1354	1354	26	49	midsized	JJ
1355	1355	27	49	businesses	NN
1356	1356	28	49	 	OO
1357	1357	29	49	which	OO
1358	1358	30	49	also	RB
1359	1359	31	49	encompasses	VB
1360	1360	32	49	startups	NN
1361	1361	33	49	 	OO
1362	1362	1	50	But	OO
1363	1363	2	50	getting	VB
1364	1364	3	50	startups	NN
1365	1365	4	50	off	OO
1366	1366	5	50	the	OO
1367	1367	6	50	ground	NN
1368	1368	7	50	is	VB
1369	1369	8	50	one	OO
1370	1370	9	50	thing	NN
1371	1371	10	50	 	OO
1372	1372	11	50	turning	VB
1373	1373	12	50	them	NN
1374	1374	13	50	into	OO
1375	1375	14	50	sustainable	JJ
1376	1376	15	50	businesses	NN
1377	1377	16	50	is	VB
1378	1378	17	50	another	OO
1379	1379	18	50	 	OO
1380	1380	1	51	It	NN
1381	1381	2	51	seems	VB
1382	1382	3	51	only	RB
1383	1383	4	51	a	OO
1384	1384	5	51	matter	NN
1385	1385	6	51	of	OO
1386	1386	7	51	time	NN
1387	1387	8	51	before	OO
1388	1388	9	51	such	JJ
1389	1389	10	51	inflated	JJ
1390	1390	11	51	expectations	NN
1391	1391	12	51	burst	NN
1392	1392	13	51	 	OO
1393	1393	14	51	if	OO
1394	1394	15	51	entrepreneurs	NN
1395	1395	16	51	dont	VB
1396	1396	17	51	keep	VB
1397	1397	18	51	at	OO
1398	1398	19	51	it	NN
1399	1399	20	51	for	OO
1400	1400	21	51	the	OO
1401	1401	22	51	right	JJ
1402	1402	23	51	reasons	NN
1403	1403	24	51	 	OO
1404	1404	1	52	Another	OO
1405	1405	2	52	obstacle	NN
1406	1406	3	52	for	OO
1407	1407	4	52	many	JJ
1408	1408	5	52	entrepreneurs	NN
1409	1409	6	52	is	VB
1410	1410	7	52	the	OO
1411	1411	8	52	apparent	JJ
1412	1412	9	52	lack	NN
1413	1413	10	52	of	OO
1414	1414	11	52	corporate	JJ
1415	1415	12	52	culture	NN
1416	1416	13	52	that	OO
1417	1417	14	52	actively	RB
1418	1418	15	52	embraces	VB
1419	1419	16	52	MA	NN
1420	1420	17	52	deals	NN
1421	1421	18	52	 	OO
1422	1422	19	52	which	OO
1423	1423	20	52	 	OO
1424	1424	21	52	in	OO
1425	1425	22	52	turn	NN
1426	1426	23	52	 	OO
1427	1427	24	52	rewards	VB
1428	1428	25	52	founders	NN
1429	1429	26	52	with	OO
1430	1430	27	52	attractive	JJ
1431	1431	28	52	valuations	NN
1432	1432	29	52	 	OO
1433	1433	1	53	According	VB
1434	1434	2	53	to	OO
1435	1435	3	53	Go	VB
1436	1436	4	53	Youngha	NN
1437	1437	5	53	 	OO
1438	1438	6	53	chairman	NN
1439	1439	7	53	of	OO
1440	1440	8	53	The	OO
1441	1441	9	53	Korean	NN
1442	1442	10	53	Business	NN
1443	1443	11	53	Angels	NN
1444	1444	12	53	Association	NN
1445	1445	13	53	 	OO
1446	1446	14	53	the	OO
1447	1447	15	53	government	NN
1448	1448	16	53	remains	VB
1449	1449	17	53	slow	JJ
1450	1450	18	53	at	OO
1451	1451	19	53	harnessing	VB
1452	1452	20	53	the	OO
1453	1453	21	53	potential	NN
1454	1454	22	53	of	OO
1455	1455	23	53	younger	JJ
1456	1456	24	53	entrepreneurs	NN
1457	1457	25	53	 	OO
1458	1458	26	53	many	OO
1459	1459	27	53	of	OO
1460	1460	28	53	whom	NN
1461	1461	29	53	are	VB
1462	1462	30	53	still	RB
1463	1463	31	53	under	OO
1464	1464	32	53	the	OO
1465	1465	33	53	spell	NN
1466	1466	34	53	of	OO
1467	1467	35	53	larger	JJ
1468	1468	36	53	conglomerates	NN
1469	1469	37	53	that	OO
1470	1470	38	53	hold	VB
1471	1471	39	53	a	OO
1472	1472	40	53	monopoly	NN
1473	1473	41	53	on	OO
1474	1474	42	53	the	OO
1475	1475	43	53	country	NN
1476	1476	44	53	s	OO
1477	1477	45	53	tech	NN
1478	1478	46	53	industries	NN
1479	1479	47	53	 	OO
