indexInDoc	token	posTag	
1	The	??	DT
2	European	JJ	
3	insurance	NN	
4	sector	NN	
5	will	MD	
6	soon	RB	
7	be	VB	
8	faced	VBN	
9	with	IN	
10	the	DT	
11	application	NN	
12	of	IN	
13	Solvency	??	NNP
14	2	CD	
15	regulation	NN	
16	norms	NNS	
17	It	PRP	
18	will	MD	
19	create	VB	
20	a	DT	
21	real	JJ	
22	change	NN	
23	in	IN	
24	risk	NN	
25	management	NN	
26	practices	NNS	
27	The	DT	
28	ORSA	NNP	
29	approach	NN	
30	of	IN	
31	the	DT	
32	second	JJ	
33	pillar	NN	
34	makes	VBZ	
35	the	DT	
36	capital	NN	
37	allocation	NN	
38	an	DT	
39	important	JJ	
40	exercise	NN	
41	for	IN	
42	all	DT	
43	insurers	NNS	
44	and	CC	
45	specially	RB	
46	for	IN	
47	groups	NNS	
48	Considering	VBG	
49	firms	NNS	
50	capital	NN	
51	allocation	NN	
52	has	VBZ	
53	to	TO	
54	be	VB	
55	based	VBN	
56	on	IN	
57	a	DT	
58	multivariate	??	JJ
59	risk	NN	
60	modeling	NN	
61	Several	JJ	
62	allocation	NN	
63	methods	NNS	
64	are	VBP	
65	present	JJ	
66	in	IN	
67	the	DT	
68	literature	NN	
69	and	CC	
70	insurers	NNS	
71	practices	NNS	
72	In	IN	
73	this	DT	
74	paper	NN	
75	we	PRP	
76	present	VBP	
77	a	DT	
78	new	JJ	
79	risk	NN	
80	allocation	NN	
81	method	NN	
82	we	PRP	
83	study	??	VBP
84	its	PRP$	
85	coherence	NN	
86	using	VBG	
87	an	DT	
88	axiomatic	JJ	
89	approach	NN	
90	and	CC	
91	we	PRP	
92	try	VBP	
93	to	TO	
94	define	VB	
95	what	WP	
96	the	DT	
97	best	JJS	
98	allocation	NN	
99	choice	NN	
100	for	IN	
101	an	DT	
102	insurance	NN	
103	group	NN	
104	is	VBZ	
105	Introduction	??	NNP
106	Solvency	??	NNP
107	2	CD	
108	standards	NNS	
109	will	MD	
110	make	VB	
111	a	DT	
112	radical	JJ	
113	change	NN	
114	in	IN	
115	risk	NN	
116	management	NN	
117	practices	NNS	
118	in	IN	
119	the	DT	
120	actuarial	JJ	
121	sector	NN	
122	They	PRP	
123	are	VBP	
124	based	VBN	
125	on	IN	
126	a	DT	
127	strengthening	NN	
128	of	IN	
129	risk	NN	
130	control	NN	
131	and	CC	
132	minimization	NN	
133	of	IN	
134	a	DT	
135	ruin	??	VBZ
136	probability	NN	
137	The	DT	
138	determination	NN	
139	of	IN	
140	the	DT	
141	economic	JJ	
142	regulatory	JJ	
143	capital	NN	
144	will	MD	
145	be	VB	
146	faced	VBN	
147	under	IN	
148	this	DT	
149	prudential	JJ	
150	mechanism	NN	
151	with	IN	
152	a	DT	
153	kind	NN	
154	of	IN	
155	methodological	JJ	
156	revolution	NN	
157	A	DT	
158	choices	NNS	
159	of	IN	
160	a	DT	
161	dependence	NN	
162	model	NN	
163	between	IN	
164	different	JJ	
165	risks	NNS	
166	and	CC	
167	of	IN	
168	an	DT	
169	aggregation	NN	
170	methodology	NN	
171	are	VBP	
172	both	DT	
173	required	VBN	
174	In	IN	
175	the	DT	
176	prescribed	??	VBN
177	Standard	NNP	
178	Formula	NNP	
179	risks	??	VBG
180	aggregation	NN	
181	is	VBZ	
182	done	VBN	
183	using	VBG	
184	correlation	NN	
185	matrices	NNS	
186	that	WDT	
187	connect	VBP	
188	families	NNS	
189	and	CC	
190	subfamilies	NNS	
191	of	IN	
192	risks	NNS	
193	Recently	RB	
194	the	DT	
195	proof	NN	
196	of	IN	
197	factorization	NN	
198	in	IN	
199	heavy	JJ	
200	quarkonium	NN	
201	production	NN	
202	in	IN	
203	NRQCD	NNP	
204	color	NN	
205	octet	NN	
206	mechanism	NN	
207	is	VBZ	
208	given	VBN	
209	at	IN	
210	order	NN	
211	NNLO	??	??
212	in	IN	
213	coupling	??	VBG
214	constant	JJ	
215	by	IN	
216	using	VBG	
217	diagrammatic	JJ	
218	method	NN	
219	of	IN	
220	QCD	NNP	
221	In	IN	
222	this	DT	
223	paper	NN	
224	we	PRP	
225	prove	VBP	
226	factorization	NN	
227	in	IN	
228	heavy	JJ	
229	quarkonium	NN	
230	production	NN	
231	in	IN	
232	NRQCD	NNP	
233	color	NN	
234	octet	NN	
235	mechanism	NN	
236	at	IN	
237	all	DT	
238	order	NN	
239	in	IN	
240	coupling	??	VBG
241	constant	JJ	
242	by	IN	
243	using	VBG	
244	path	NN	
245	integral	JJ	
246	method	NN	
247	of	IN	
248	QCD	NNP	
249	Our	PRP$	
250	proof	NN	
251	is	VBZ	
252	valid	JJ	
253	to	??	TO
254	all	DT	
255	powers	NNS	
256	in	IN	
257	the	DT	
258	heavy	JJ	
259	quark	NN	
260	relative	JJ	
261	velocity	NN	
262	We	PRP	
263	find	VBP	
264	that	IN	
265	the	DT	
266	gauge	NN	
267	invariance	NN	
268	and	CC	
269	the	DT	
270	factorization	NN	
271	at	IN	
272	all	DT	
273	order	NN	
274	in	IN	
275	coupling	??	JJ
276	constant	JJ	
277	require	VBP	
278	NRQCD	??	NNP
279	matrix	NN	
280	elements	NNS	
281	that	WDT	
282	were	VBD	
283	introduced	VBN	
284	previously	RB	
285	to	TO	
286	prove	VB	
287	factorization	NN	
288	at	IN	
289	NNLO	NNP	
290	INTRODUCTION	??	NNP
291	In	IN	
292	the	DT	
293	last	JJ	
294	two	CD	
295	decades	NNS	
296	the	DT	
297	NRQCD	NNP	
298	color	NN	
299	octet	??	JJ
300	mechanism	NN	
301	1	??	CD
302	for	IN	
303	heavy	JJ	
304	quarkonium	NN	
305	production	NN	
306	has	VBZ	
307	been	VBN	
308	very	RB	
309	successful	JJ	
310	in	IN	
311	explaining	VBG	
312	experimental	JJ	
313	data	NNS	
314	at	IN	
315	high	JJ	
316	energy	NN	
317	colliders	NNS	
318	such	JJ	
319	as	IN	
320	at	IN	
321	Tevatron	NNP	
322	2	CD	
323	and	CC	
324	at	IN	
325	LHC	NNP	
326	3	??	CD
327	In	IN	
328	its	PRP$	
329	original	JJ	
330	formulation	NN	
331	1	??	CD
332	the	DT	
333	proof	NN	
334	of	IN	
335	factorization	NN	
336	in	IN	
337	heavy	JJ	
338	quarkonium	NN	
339	production	NN	
340	in	IN	
341	NRQCD	NNP	
342	color	NN	
343	octet	NN	
344	mechanism	NN	
345	was	VBD	
346	lacking	VBG	
347	The	DT	
348	proof	NN	
349	of	IN	
350	factorization	NN	
351	is	VBZ	
352	an	DT	
353	essential	JJ	
354	requirement	NN	
355	to	TO	
356	study	VB	
357	heavy	JJ	
358	quarkonium	NN	
359	production	NN	
360	at	IN	
361	high	JJ	
362	energy	NN	
363	colliders	NNS	
364	Factorization	NN	
365	refers	VBZ	
366	to	??	TO
367	separation	NN	
368	of	IN	
369	effects	NNS	
370	from	IN	
371	effects	NNS	
372	in	IN	
373	quantum	??	JJ
374	field	NN	
375	theory	NN	
376	We	??	PRP
377	propose	??	VB
378	algorithms	??	NNS
379	to	TO	
380	approximate	??	VB
381	directed	VBN	
382	information	NN	
383	graphs	NNS	
384	Directed	??	VBN
385	information	NN	
386	graphs	NNS	
387	are	VBP	
388	probabilistic	JJ	
389	graphical	JJ	
390	models	NNS	
391	that	WDT	
392	depict	VBP	
393	causal	JJ	
394	dependencies	NNS	
395	between	IN	
396	stochastic	JJ	
397	processes	NNS	
398	in	IN	
399	a	DT	
400	network	NN	
401	The	DT	
402	proposed	VBN	
403	algorithms	NNS	
404	identify	VBP	
405	optimal	JJ	
406	and	CC	
407	approximations	NNS	
408	in	IN	
409	terms	NNS	
410	of	IN	
411	divergence	NN	
412	The	DT	
413	sparsity	NN	
414	trades	NNS	
415	off	IN	
416	the	DT	
417	quality	NN	
418	of	IN	
419	the	DT	
420	approximation	NN	
421	against	IN	
422	visual	JJ	
423	conciseness	NN	
424	and	CC	
425	computational	JJ	
426	tractability	NN	
427	One	CD	
428	class	NN	
429	of	IN	
430	approximations	NNS	
431	contains	VBZ	
432	graphs	NNS	
433	with	IN	
434	specified	VBN	
435	Another	DT	
436	class	NN	
437	additionally	RB	
438	requires	VBZ	
439	that	IN	
440	the	DT	
441	graph	NN	
442	is	VBZ	
443	connected	VBN	
444	For	IN	
445	both	DT	
446	classes	NNS	
447	we	PRP	
448	propose	VBP	
449	algorithms	NNS	
450	to	TO	
451	identify	VB	
452	the	DT	
453	optimal	JJ	
454	approximations	NNS	
455	and	CC	
456	also	RB	
457	approximations	NNS	
458	using	VBG	
459	a	DT	
460	novel	??	JJ
461	relaxation	NN	
462	of	IN	
463	submodularity	NN	
464	We	PRP	
465	also	RB	
466	propose	VBP	
467	algorithms	NNS	
468	to	TO	
469	identify	VB	
470	the	DT	
471	approximations	NNS	
472	among	IN	
473	these	DT	
474	classes	NNS	
475	enabling	VBG	
476	robust	JJ	
477	decision	NN	
478	making	NN	
479	Keywords	??	NNP
480	probabilistic	JJ	
481	graphical	JJ	
482	models	NNS	
483	network	NN	
484	inference	NN	
485	causality	NN	
486	submodularity	NN	
487	approximation	NN	
488	algorithms	NNS	
489	1	CD	
490	Introduction	??	NNP
491	Many	JJ	
492	fields	NNS	
493	of	IN	
494	the	DT	
495	sciences	NNS	
496	and	CC	
497	engineering	NN	
498	require	??	VB
499	analysis	NN	
500	modeling	??	VBG
501	and	CC	
502	decision	NN	
503	making	??	VBG
504	using	VBG	
505	networks	NNS	
506	typically	RB	
507	represented	VBN	
508	by	IN	
509	graphs	NNS	
510	Social	??	JJ
511	networks	NNS	
512	financial	JJ	
513	networks	NNS	
514	and	CC	
515	biological	JJ	
516	networks	NNS	
517	are	VBP	
518	a	DT	
519	few	JJ	
520	categories	NNS	
521	that	WDT	
522	are	VBP	
523	relevant	JJ	
524	not	RB	
525	only	RB	
526	academically	RB	
527	but	CC	
528	also	RB	
529	in	IN	
530	daily	JJ	
531	life	NN	
532	A	DT	
533	major	JJ	
534	challenge	NN	
535	for	IN	
536	studying	VBG	
537	networks	NNS	
538	is	VBZ	
539	identifying	VBG	
540	a	DT	
541	concise	??	JJ
542	topology	NN	
543	such	JJ	
544	as	IN	
545	who	WP	
546	strongly	RB	
547	influences	VBZ	
548	whom	WP	
549	in	IN	
550	a	DT	
551	social	JJ	
552	network	NN	
553	Real	JJ	
554	world	NN	
555	networks	NNS	
556	are	VBP	
557	often	RB	
558	large	??	JJ
559	there	??	EX
560	are	VBP	
561	tens	NNS	
562	of	IN	
563	thousands	NNS	
564	of	IN	
565	human	JJ	
566	genes	NNS	
567	and	CC	
568	trillions	NNS	
569	of	IN	
570	connections	NNS	
571	in	IN	
572	the	DT	
573	human	JJ	
574	brain	NN	
575	Based	VBN	
576	on	IN	
577	the	DT	
578	concept	NN	
579	of	IN	
580	DNA	NN	
581	strand	NN	
582	displacement	NN	
583	and	CC	
584	DNA	??	JJ
585	strand	NN	
586	algebra	NN	
587	we	PRP	
588	have	VBP	
589	developed	VBN	
590	a	DT	
591	method	NN	
592	for	IN	
593	logical	JJ	
594	inference	NN	
595	which	WDT	
596	is	VBZ	
597	not	RB	
598	based	VBN	
599	on	IN	
600	silicon	NN	
601	based	VBN	
602	computing	NN	
603	Essentially	RB	
604	it	PRP	
605	is	VBZ	
606	a	DT	
607	paradigm	NN	
608	shift	NN	
609	from	IN	
610	silicon	NN	
611	to	??	TO
612	carbon	NN	
613	In	IN	
614	this	DT	
615	paper	NN	
616	we	PRP	
617	have	VBP	
618	considered	VBN	
619	the	DT	
620	inference	NN	
621	mechanism	NN	
622	viz	NN	
623	modus	NN	
624	ponens	NNS	
625	to	TO	
626	draw	VB	
627	conclusion	NN	
628	from	IN	
629	any	DT	
630	observed	??	VBN
631	fact	NN	
632	Thus	RB	
633	the	DT	
634	present	JJ	
635	approach	NN	
636	to	??	TO
637	logical	JJ	
638	inference	NN	
639	based	VBN	
640	on	IN	
641	DNA	??	JJ
642	strand	NN	
643	algebra	NN	
644	is	VBZ	
645	basically	RB	
646	an	DT	
647	attempt	NN	
648	to	TO	
649	develop	VB	
650	expert	??	JJ
651	system	NN	
652	design	NN	
653	in	IN	
654	the	DT	
655	domain	NN	
656	of	IN	
657	DNA	??	JJ
658	computing	NN	
659	We	PRP	
660	have	VBP	
661	illustrated	VBN	
662	our	PRP$	
663	methodology	NN	
664	with	IN	
665	respect	NN	
666	to	TO	
667	worked	??	VBN
668	out	??	VBN
669	example	NN	
670	Our	PRP$	
671	methodology	NN	
672	is	VBZ	
673	very	RB	
674	flexible	JJ	
675	for	IN	
676	implementation	NN	
677	of	IN	
678	different	JJ	
679	expert	NN	
680	system	NN	
681	applications	NNS	
682	Keywords	NNS	
683	logical	JJ	
684	inference	NN	
685	DNA	??	JJ
686	strand	NN	
687	algebra	NN	
688	DNA	??	JJ
689	gate	NN	
690	DNA	??	JJ
691	signal	NN	
692	process	NN	
693	algebra	NN	
694	DNA	??	JJ
695	computing	NN	
696	modus	NN	
697	ponens	??	FW
698	strand	??	JJ
699	displacement	NN	
700	molecular	JJ	
701	computing	NN	
702	expert	??	JJ
703	system	NN	
704	approach	NN	
705	1	LS	
706	Introduction	??	NNP
707	Conventional	??	JJ
708	silicon	NN	
709	based	VBN	
710	computing	NN	
711	has	VBZ	
712	been	VBN	
713	successful	JJ	
714	over	IN	
715	the	DT	
716	past	JJ	
717	several	JJ	
718	decades	NNS	
719	It	PRP	
720	is	VBZ	
721	fast	RB	
722	flexible	JJ	
723	and	CC	
724	well	RB	
725	understood	VBN	
726	But	CC	
727	it	PRP	
728	has	VBZ	
729	reached	VBN	
730	its	PRP$	
731	limitations	NNS	
732	of	IN	
733	design	NN	
734	complexity	NN	
735	processing	??	VBG
736	power	NN	
737	memory	NN	
738	energy	NN	
739	consumption	NN	
740	density	NN	
741	and	CC	
742	heat	NN	
743	dissipation	NN	
744	Alternatives	??	NNS
745	to	??	TO
746	these	DT	
747	traditional	JJ	
748	methods	NNS	
749	of	IN	
750	building	??	VBG
751	computers	NNS	
752	have	VBP	
753	been	VBN	
754	proposed	VBN	
755	and	CC	
756	in	IN	
757	recent	JJ	
758	past	??	NNS
759	molecular	JJ	
760	computing	NN	
761	has	VBZ	
762	gained	VBN	
763	considerable	JJ	
764	attention	NN	
765	for	IN	
766	based	VBN	
767	computing	NN	
768	which	WDT	
769	can	MD	
770	overcome	VB	
771	conventional	JJ	
772	computation	NN	
773	problems	NNS	
774	The	DT	
775	base	NN	
776	pairing	NN	
777	makes	VBZ	
778	DNA	??	NN
779	a	DT	
780	powerful	JJ	
781	tool	NN	
782	for	IN	
783	engineering	??	NN
784	at	IN	
785	Trip	??	JJ
786	distribution	NN	
787	laws	NNS	
788	are	VBP	
789	basic	JJ	
790	for	IN	
791	the	DT	
792	travel	NN	
793	demand	NN	
794	characterization	NN	
795	needed	VBN	
796	in	IN	
797	transport	NN	
798	and	CC	
799	urban	JJ	
800	planning	NN	
801	Several	JJ	
802	approaches	NNS	
803	have	VBP	
804	been	VBN	
805	considered	VBN	
806	in	IN	
807	the	DT	
808	last	JJ	
809	years	NNS	
810	One	CD	
811	of	IN	
812	them	PRP	
813	is	VBZ	
814	the	DT	
815	gravity	NN	
816	law	NN	
817	in	IN	
818	which	WDT	
819	the	DT	
820	number	NN	
821	of	IN	
822	trips	NNS	
823	is	VBZ	
824	assumed	VBN	
825	to	TO	
826	be	VB	
827	related	VBN	
828	to	??	TO
829	the	DT	
830	population	NN	
831	at	IN	
832	origin	NN	
833	and	CC	
834	destination	NN	
835	and	CC	
836	to	TO	
837	decrease	VB	
838	with	IN	
839	the	DT	
840	distance	NN	
841	The	DT	
842	mathematical	JJ	
843	expression	NN	
844	of	IN	
845	this	DT	
846	law	NN	
847	resembles	VBZ	
848	?? Newton's	??	NNP/POS
849	law	NN	
850	of	IN	
851	gravity	NN	
852	which	WDT	
853	explains	VBZ	
854	its	PRP$	
855	name	NN	
856	Another	DT	
857	popular	JJ	
858	approach	NN	
859	is	VBZ	
860	inspired	VBN	
861	by	IN	
862	the	DT	
863	theory	NN	
864	of	IN	
865	intervening	??	VBG
866	opportunities	NNS	
867	and	CC	
868	it	PRP	
869	has	VBZ	
870	been	VBN	
871	concreted	VBN	
872	into	IN	
873	the	DT	
874	radiation	NN	
875	models	NNS	
876	Individuals	NNS	
877	are	VBP	
878	supposed	VBN	
879	to	TO	
880	travel	VB	
881	until	IN	
882	they	PRP	
883	find	VBP	
884	a	DT	
885	job	NN	
886	opportunity	NN	
887	so	IN	
888	the	DT	
889	population	NN	
890	and	CC	
891	jobs	NNS	
892	spatial	JJ	
893	distributions	NNS	
894	naturally	RB	
895	lead	VBP	
896	to	??	TO
897	a	DT	
898	trip	NN	
899	flow	NN	
900	network	NN	
901	In	IN	
902	this	DT	
903	paper	NN	
904	we	PRP	
905	perform	VBP	
906	a	DT	
907	thorough	JJ	
908	comparison	NN	
909	between	IN	
910	the	DT	
911	gravity	NN	
912	and	CC	
913	the	DT	
914	radiation	NN	
915	approaches	??	NNS
916	in	IN	
917	their	PRP$	
918	ability	NN	
919	at	IN	
920	estimating	VBG	
921	commuting	??	JJ
922	flows	NNS	
923	We	PRP	
924	test	VBP	
925	the	DT	
926	gravity	NN	
927	and	CC	
928	the	DT	
929	radiation	NN	
930	laws	NNS	
931	against	IN	
932	empirical	JJ	
933	trip	NN	
934	data	NNS	
935	at	IN	
936	different	JJ	
937	scales	NNS	
938	and	CC	
939	coming	VBG	
940	from	IN	
941	different	JJ	
942	countries	NNS	
943	Different	JJ	
944	versions	NNS	
945	of	IN	
946	the	DT	
947	gravity	NN	
948	and	CC	
949	the	DT	
950	radiation	NN	
951	laws	NNS	
952	are	VBP	
953	used	VBN	
954	to	TO	
955	estimate	VB	
956	the	DT	
957	probability	NN	
958	that	IN	
959	an	DT	
960	individual	NN	
961	has	VBZ	
962	to	TO	
963	commute	??	VB
964	from	IN	
965	one	??	NN
966	unit	NN	
967	to	??	TO
968	another	DT	
969	called	VBN	
970	trip	NN	
971	distribution	NN	
972	law	NN	
973	Based	VBN	
974	on	IN	
975	these	DT	
976	probability	NN	
977	distribution	NN	
978	the	DT	
979	commuting	??	JJ
980	networks	NNS	
981	are	VBP	
982	simulated	??	VBP
983	with	IN	
984	different	JJ	
985	trip	NN	
986	distribution	NN	
987	models	NNS	
988	We	??	PRP
989	propose	??	VBP
990	a	DT	
991	simple	JJ	
992	ansatz	NN	
993	to	TO	
994	study	VB	
995	phase	NN	
996	transitions	NNS	
997	from	IN	
998	a	DT	
999	topological	JJ	
1000	phase	NN	
1001	to	??	TO
1002	a	DT	
1003	trivial	JJ	
1004	phase	NN	
1005	We	PRP	
1006	probe	??	VBP
1007	the	DT	
1008	efficiency	NN	
1009	of	IN	
1010	this	DT	
1011	approach	NN	
1012	by	IN	
1013	considering	VBG	
1014	the	DT	
1015	model	NN	
1016	in	IN	
1017	the	DT	
1018	presence	NN	
1019	of	IN	
1020	a	DT	
1021	string	NN	
1022	tension	NN	
1023	for	IN	
1024	any	DT	
1025	anyon	NN	
1026	theory	NN	
1027	Such	??	PDT
1028	a	DT	
1029	perturbation	NN	
1030	is	VBZ	
1031	known	VBN	
1032	to	TO	
1033	be	VB	
1034	responsible	JJ	
1035	for	IN	
1036	a	DT	
1037	phase	NN	
1038	transition	NN	
1039	which	WDT	
1040	is	VBZ	
1041	well	RB	
1042	described	VBN	
1043	by	IN	
1044	the	DT	
1045	present	JJ	
1046	variational	JJ	
1047	setup	NN	
1048	We	PRP	
1049	argue	VBP	
1050	that	IN	
1051	results	NNS	
1052	become	VBP	
1053	exact	JJ	
1054	in	IN	
1055	the	DT	
1056	limit	NN	
1057	of	IN	
1058	large	JJ	
1059	total	JJ	
1060	quantum	??	JJ
1061	dimension	NN	
1062	PACS	??	NN
1063	numbers	NNS	
1064	The	DT	
1065	blend	??	NN
1066	of	IN	
1067	quantum	??	JJ
1068	computation	NN	
1069	and	CC	
1070	of	IN	
1071	topological	JJ	
1072	phases	NNS	
1073	of	IN	
1074	matter	NN	
1075	1	??	CD
1076	have	VBP	
1077	led	VBN	
1078	to	??	TO
1079	the	DT	
1080	idea	NN	
1081	of	IN	
1082	topological	JJ	
1083	quantum	??	JJ
1084	computation	NN	
1085	In	IN	
1086	this	DT	
1087	field	NN	
1088	the	DT	
1089	essential	JJ	
1090	ingredient	NN	
1091	is	VBZ	
1092	the	DT	
1093	construction	NN	
1094	of	IN	
1095	physical	JJ	
1096	systems	NNS	
1097	sustaining	VBG	
1098	exotic	JJ	
1099	excitations	NNS	
1100	known	VBN	
1101	as	IN	
1102	anyons	NNS	
1103	see	VB	
1104	Ref	NNP	
1105	5	CD	
1106	for	IN	
1107	a	DT	
1108	review	NN	
1109	Being	VBG	
1110	genuinely	RB	
1111	non	??	JJ
1112	local	JJ	
1113	these	DT	
1114	anyons	NNS	
1115	allow	VBP	
1116	for	IN	
1117	efficient	JJ	
1118	storage	NN	
1119	and	CC	
1120	manipulation	NN	
1121	of	IN	
1122	quantum	??	JJ
1123	information	NN	
1124	Indeed	RB	
1125	topologically	RB	
1126	ordered	??	VBN
1127	systems	NNS	
1128	1	??	CD
1129	are	VBP	
1130	stable	JJ	
1131	under	IN	
1132	local	JJ	
1133	perturbations	NNS	
1134	6	??	CD
1135	and	CC	
1136	hence	RB	
1137	protected	VBN	
1138	against	IN	
1139	undesirable	JJ	
1140	effects	NNS	
1141	such	JJ	
1142	as	IN	
1143	decoherence	NN	
1144	However	RB	
1145	strong	JJ	
1146	enough	RB	
1147	perturbations	NNS	
1148	may	MD	
1149	drive	VB	
1150	the	DT	
1151	system	NN	
1152	to	??	TO
1153	a	DT	
1154	non	JJ	
1155	topological	JJ	
1156	phase	NN	
1157	In	IN	
1158	recent	JJ	
1159	years	NNS	
1160	many	JJ	
1161	works	NNS	
1162	have	VBP	
1163	been	VBN	
1164	devoted	VBN	
1165	to	??	TO
1166	the	DT	
1167	study	NN	
1168	of	IN	
1169	this	DT	
1170	robustness	NN	
1171	in	IN	
1172	microscopic	JJ	
1173	models	NNS	
1174	Walking	VBG	
1175	animals	NNS	
1176	like	IN	
1177	stick	NN	
1178	insects	NNS	
1179	cockroaches	NNS	
1180	or	CC	
1181	ants	NNS	
1182	demonstrate	??	VBZ
1183	a	DT	
1184	fascinating	JJ	
1185	range	NN	
1186	of	IN	
1187	locomotive	??	JJ
1188	abilities	NNS	
1189	and	CC	
1190	complex	JJ	
1191	behaviors	NNS	
1192	The	DT	
1193	locomotive	??	JJ
1194	behaviors	NNS	
1195	can	MD	
1196	consist	VB	
1197	of	IN	
1198	a	DT	
1199	variety	NN	
1200	of	IN	
1201	walking	VBG	
1202	patterns	NNS	
1203	along	IN	
1204	with	IN	
1205	adaptation	NN	
1206	that	WDT	
1207	allow	VBP	
1208	the	DT	
1209	animals	NNS	
1210	to	TO	
1211	deal	VB	
1212	with	IN	
1213	changes	NNS	
1214	in	IN	
1215	environmental	JJ	
1216	conditions	NNS	
1217	like	IN	
1218	uneven	JJ	
1219	terrains	NNS	
1220	gaps	NNS	
1221	obstacles	NNS	
1222	etc	FW	
1223	Biological	??	NN
1224	study	NN	
1225	has	VBZ	
1226	revealed	VBN	
1227	that	IN	
1228	such	JJ	
1229	complex	JJ	
1230	behaviors	NNS	
1231	are	VBP	
1232	a	DT	
1233	result	NN	
1234	of	IN	
1235	a	DT	
1236	combination	NN	
1237	of	IN	
1238	biomechanics	NNS	
1239	and	CC	
1240	neural	JJ	
1241	mechanism	NN	
1242	thus	RB	
1243	representing	VBG	
1244	the	DT	
1245	true	JJ	
1246	nature	NN	
1247	of	IN	
1248	embodied	??	VBG
1249	interactions	NNS	
1250	While	IN	
1251	the	DT	
1252	biomechanics	??	NN
1253	helps	VBZ	
1254	maintain	VB	
1255	flexibility	NN	
1256	and	CC	
1257	sustain	VB	
1258	a	DT	
1259	variety	NN	
1260	of	IN	
1261	movements	NNS	
1262	the	DT	
1263	neural	??	JJ
1264	mechanisms	NNS	
1265	generate	VBP	
1266	movements	NNS	
1267	while	IN	
1268	making	VBG	
1269	appropriate	JJ	
1270	predictions	NNS	
1271	crucial	JJ	
1272	for	IN	
1273	achieving	VBG	
1274	adaptation	NN	
1275	Such	JJ	
1276	predictions	NNS	
1277	or	CC	
1278	planning	??	VBG
1279	ahead	RB	
1280	can	MD	
1281	be	VB	
1282	achieved	VBN	
1283	by	IN	
1284	way	NN	
1285	of	IN	
1286	internal	JJ	
1287	models	NNS	
1288	that	WDT	
1289	are	VBP	
1290	grounded	VBN	
1291	in	IN	
1292	the	DT	
1293	overall	JJ	
1294	behavior	NN	
1295	of	IN	
1296	the	DT	
1297	animal	NN	
1298	Inspired	VBN	
1299	by	IN	
1300	these	DT	
1301	findings	NNS	
1302	we	PRP	
1303	present	??	VBP
1304	here	RB	
1305	an	DT	
1306	artificial	JJ	
1307	walking	NN	
1308	system	NN	
1309	which	WDT	
1310	effectively	RB	
1311	combines	VBZ	
1312	biomechanics	NNS	
1313	in	IN	
1314	terms	NNS	
1315	of	IN	
1316	the	DT	
1317	body	NN	
1318	and	CC	
1319	leg	NN	
1320	structures	NNS	
1321	with	IN	
1322	the	DT	
1323	underlying	VBG	
1324	neural	JJ	
1325	mechanisms	NNS	
1326	The	DT	
1327	neural	JJ	
1328	mechanisms	NNS	
1329	consist	VBP	
1330	of	IN	
1331	1	CD	
1332	central	JJ	
1333	pattern	NN	
1334	generator	NN	
1335	based	VBN	
1336	control	NN	
1337	for	IN	
1338	generating	VBG	
1339	basic	JJ	
1340	rhythmic	JJ	
1341	patterns	NNS	
1342	and	CC	
1343	coordinated	??	VBN
1344	movements	NNS	
1345	2	??	CD
1346	distributed	VBN	
1347	at	IN	
1348	each	DT	
1349	leg	NN	
1350	recurrent	JJ	
1351	neural	??	JJ
1352	network	NN	
1353	based	VBN	
1354	adaptive	??	JJ
1355	forward	??	JJ
1356	models	NNS	
1357	with	IN	
1358	efference	NN	
1359	copies	NNS	
1360	as	IN	
1361	internal	JJ	
1362	models	NNS	
1363	for	IN	
1364	sensory	JJ	
1365	predictions	NNS	
1366	and	CC	
1367	instantaneous	JJ	
1368	state	NN	
1369	estimations	NNS	
1370	and	CC	
1371	3	??	CD
1372	searching	VBG	
1373	and	CC	
1374	elevation	NN	
1375	control	NN	
1376	for	IN	
1377	adapting	VBG	
1378	the	DT	
1379	movement	NN	
1380	of	IN	
1381	an	DT	
1382	individual	JJ	
1383	leg	NN	
1384	to	TO	
1385	deal	VB	
1386	with	IN	
1387	different	JJ	
1388	environmental	JJ	
1389	conditions	NNS	
1390	Perceptual	JJ	
1391	similarity	NN	
1392	is	VBZ	
1393	a	DT	
1394	cognitive	JJ	
1395	judgment	NN	
1396	that	WDT	
1397	represents	VBZ	
1398	the	DT	
1399	of	IN	
1400	a	DT	
1401	complex	JJ	
1402	cascade	NN	
1403	of	IN	
1404	hierarchical	JJ	
1405	processing	NN	
1406	throughout	IN	
1407	visual	JJ	
1408	cortex	NN	
1409	Although	IN	
1410	it	PRP	
1411	is	VBZ	
1412	intuitive	JJ	
1413	that	IN	
1414	visual	JJ	
1415	objects	NNS	
1416	that	WDT	
1417	appear	VBP	
1418	similar	JJ	
1419	may	MD	
1420	share	VB	
1421	similar	JJ	
1422	underlying	??	JJ
1423	patterns	NNS	
1424	of	IN	
1425	neural	JJ	
1426	activation	NN	
1427	a	DT	
1428	direct	JJ	
1429	mapping	NN	
1430	between	IN	
1431	perceptual	JJ	
1432	similarity	NN	
1433	and	CC	
1434	representational	JJ	
1435	distance	NN	
1436	has	VBZ	
1437	not	RB	
1438	been	VBN	
1439	demonstrated	VBN	
1440	Here	RB	
1441	we	PRP	
1442	explore	??	VBP
1443	the	DT	
1444	relationship	NN	
1445	between	IN	
1446	the	DT	
1447	human	JJ	
1448	??	NN	
1449	representation	NN	
1450	of	IN	
1451	visual	JJ	
1452	patterns	NNS	
1453	and	CC	
1454	behavioral	JJ	
1455	judgments	NNS	
1456	of	IN	
1457	perceptual	JJ	
1458	similarity	NN	
1459	The	DT	
1460	visual	JJ	
1461	stimuli	NNS	
1462	were	VBD	
1463	abstract	JJ	
1464	patterns	NNS	
1465	constructed	??	VBD
1466	from	IN	
1467	identical	JJ	
1468	perceptual	JJ	
1469	units	NNS	
1470	oriented	??	VBD
1471	Gabor	NNP	
1472	patches	NNS	
1473	so	??	IN
1474	that	IN	
1475	each	DT	
1476	pattern	NN	
1477	had	VBD	
1478	a	DT	
1479	unique	JJ	
1480	global	JJ	
1481	form	NN	
1482	or	CC	
1483	perceptual	JJ	
1484	Gestalt	??	NNP
1485	The	DT	
1486	visual	JJ	
1487	stimuli	NNS	
1488	were	VBD	
1489	decodable	JJ	
1490	from	IN	
1491	evoked	VBN	
1492	neural	JJ	
1493	activation	NN	
1494	patterns	NNS	
1495	measured	VBN	
1496	with	IN	
1497	magnetoencephalography	NN	
1498	MEG	??	NN
1499	however	RB	
1500	stimuli	NNS	
1501	differed	VBD	
1502	in	IN	
1503	the	DT	
1504	similarity	NN	
1505	of	IN	
1506	their	PRP$	
1507	neural	JJ	
1508	representation	NN	
1509	as	IN	
1510	estimated	VBN	
1511	by	IN	
1512	differences	NNS	
1513	in	IN	
1514	decodability	NN	
1515	Early	RB	
1516	after	IN	
1517	stimulus	NN	
1518	onset	NN	
1519	from	IN	
1520	50ms	??	NN
1521	a	DT	
1522	model	NN	
1523	based	VBN	
1524	on	IN	
1525	retinotopic	??	JJ
1526	organization	NN	
1527	predicted	VBD	
1528	the	DT	
1529	representational	JJ	
1530	similarity	NN	
1531	of	IN	
1532	the	DT	
1533	visual	JJ	
1534	stimuli	??	NNS
1535	Following	VBG	
1536	the	DT	
1537	peak	NN	
1538	correlation	NN	
1539	between	IN	
1540	the	DT	
1541	retinotopic	??	JJ
1542	model	NN	
1543	and	CC	
1544	neural	JJ	
1545	data	NNS	
1546	at	IN	
1547	80ms	??	NN
1548	the	DT	
1549	neural	JJ	
1550	representations	NNS	
1551	quickly	RB	
1552	evolved	VBD	
1553	so	??	IN
1554	that	IN	
1555	retinotopy	NN	
1556	no	RB	
1557	longer	??	RB
1558	provided	??	VBD
1559	a	DT	
1560	sufficient	JJ	
1561	account	NN	
1562	of	IN	
1563	the	DT	
1564	??	NN	
1565	representation	NN	
1566	of	IN	
1567	the	DT	
1568	stimuli	NNS	
1569	Overall	RB	
1570	the	DT	
1571	strongest	JJS	
1572	predictor	NN	
1573	of	IN	
1574	the	DT	
1575	??	NN	
1576	representation	NN	
1577	was	VBD	
1578	a	DT	
1579	model	NN	
1580	based	VBN	
1581	on	IN	
1582	human	JJ	
1583	judgments	NNS	
1584	of	IN	
1585	perceptual	JJ	
1586	similarity	NN	
1587	which	WDT	
1588	reached	VBD	
1589	the	DT	
1590	theoretical	JJ	
1591	limits	NNS	
1592	of	IN	
1593	the	DT	
1594	maximum	??	JJ
1595	correlation	NN	
1596	with	IN	
1597	the	DT	
1598	neural	JJ	
1599	data	NNS	
1600	defined	VBN	
1601	by	IN	
1602	the	DT	
1603	noise	??	JJ
1604	ceiling	NN	
1605	We	??	PRP
1606	compare	??	VBP
1607	in	IN	
1608	this	DT	
1609	paper	NN	
1610	several	JJ	
1611	feature	NN	
1612	selection	NN	
1613	methods	NNS	
1614	for	IN	
1615	the	DT	
1616	Naive	??	NNP
1617	Bayes	NNP	
1618	Classifier	NNP	
1619	NBC	NNP	
1620	when	WRB	
1621	the	DT	
1622	data	??	NN
1623	under	IN	
1624	study	NN	
1625	are	VBP	
1626	described	VBN	
1627	by	IN	
1628	a	DT	
1629	large	JJ	
1630	number	NN	
1631	of	IN	
1632	redundant	JJ	
1633	binary	JJ	
1634	indicators	NNS	
1635	Wrapper	??	NN
1636	approaches	??	NNS
1637	guided	VBN	
1638	by	IN	
1639	the	DT	
1640	NBC	NNP	
1641	estimation	NN	
1642	of	IN	
1643	the	DT	
1644	classification	NN	
1645	error	NN	
1646	probability	NN	
1647	outperform	??	VBP
1648	filter	NN	
1649	approaches	NNS	
1650	while	IN	
1651	retaining	VBG	
1652	a	DT	
1653	reasonable	JJ	
1654	computational	JJ	
1655	cost	NN	
1656	1	CD	
1657	Introduction	NN	
1658	We	PRP	
1659	consider	VBP	
1660	in	IN	
1661	this	DT	
1662	paper	NN	
1663	application	NN	
1664	contexts	NNS	
1665	in	IN	
1666	which	WDT	
1667	a	DT	
1668	large	JJ	
1669	body	NN	
1670	of	IN	
1671	expert	??	JJ
1672	knowledge	NN	
1673	is	VBZ	
1674	available	JJ	
1675	as	IN	
1676	a	DT	
1677	series	NN	
1678	of	IN	
1679	simple	JJ	
1680	and	CC	
1681	low	JJ	
1682	level	NN	
1683	parametric	JJ	
1684	scores	NNS	
1685	The	DT	
1686	goal	NN	
1687	is	VBZ	
1688	to	TO	
1689	build	VB	
1690	an	DT	
1691	interpretable	JJ	
1692	classifier	NN	
1693	from	IN	
1694	this	DT	
1695	knowledge	NN	
1696	and	CC	
1697	from	IN	
1698	a	DT	
1699	learning	NN	
1700	set	NN	
1701	Then	RB	
1702	the	DT	
1703	scores	NNS	
1704	are	VBP	
1705	assumed	VBN	
1706	to	TO	
1707	be	VB	
1708	simple	JJ	
1709	parametric	JJ	
1710	functions	NNS	
1711	from	IN	
1712	the	DT	
1713	data	NNS	
1714	space	NN	
1715	to	??	TO
1716	R	NN	
1717	with	IN	
1718	the	DT	
1719	interpretation	NN	
1720	that	??	IN
1721	a	DT	
1722	high	JJ	
1723	value	NN	
1724	of	IN	
1725	a	DT	
1726	score	NN	
1727	indicates	VBZ	
1728	that	IN	
1729	the	DT	
1730	datum	NN	
1731	submitted	??	VBD
1732	to	??	TO
1733	the	DT	
1734	score	NN	
1735	belongs	VBZ	
1736	probably	RB	
1737	to	??	TO
1738	the	DT	
1739	class	NN	
1740	that	??	WDT
1741	the	DT	
1742	score	NN	
1743	has	VBZ	
1744	been	VBN	
1745	designed	VBN	
1746	to	TO	
1747	detect	VB	
1748	consider	??	VBP
1749	a	DT	
1750	concrete	JJ	
1751	example	NN	
1752	from	IN	
1753	our	PRP$	
1754	main	JJ	
1755	application	NN	
1756	domain	NN	
1757	aircraft	NN	
1758	engine	NN	
1759	monitoring	NN	
1760	see	VB	
1761	7	??	CD
1762	for	IN	
1763	details	NNS	
1764	We	PRP	
1765	aim	VBP	
1766	here	RB	
1767	at	IN	
1768	classifying	VBG	
1769	some	DT	
1770	short	JJ	
1771	time	NN	
1772	series	NN	
1773	around	??	RB
1774	150	CD	
1775	time	NN	
1776	points	NNS	
1777	each	DT	
1778	series	NN	
1779	having	VBG	
1780	its	PRP$	
1781	own	JJ	
1782	specific	JJ	
1783	length	NN	
1784	into	IN	
1785	different	JJ	
1786	classes	NNS	
1787	normal	JJ	
1788	signal	NN	
1789	and	CC	
1790	different	JJ	
1791	types	NNS	
1792	of	IN	
1793	anomalies	NNS	
1794	corresponding	??	VBG
1795	to	??	TO
1796	some	DT	
1797	non	??	RB
1798	stationarity	NN	
1799	in	IN	
1800	the	DT	
1801	signal	NN	
1802	We	??	PRP
1803	propose	??	VBP
1804	a	DT	
1805	new	JJ	
1806	technique	NN	
1807	for	IN	
1808	processing	??	VBG
1809	registered	VBN	
1810	EM	??	NN
1811	image	NN	
1812	stacks	NNS	
1813	to	TO	
1814	remove	VB	
1815	discontinuities	NNS	
1816	while	IN	
1817	preserving	VBG	
1818	detail	NN	
1819	To	??	TO
1820	this	DT	
1821	end	NN	
1822	we	PRP	
1823	process	VBP	
1824	the	DT	
1825	image	NN	
1826	stack	??	NN
1827	by	IN	
1828	first	JJ	
1829	performing	VBG	
1830	anisotropic	??	JJ
1831	smoothing	??	VBG
1832	along	IN	
1833	the	DT	
1834	slice	NN	
1835	axis	NN	
1836	and	CC	
1837	then	RB	
1838	solving	VBG	
1839	a	DT	
1840	Poisson	NNP	
1841	equation	NN	
1842	within	IN	
1843	each	DT	
1844	slice	NN	
1845	to	TO	
1846	the	DT	
1847	detail	NN	
1848	The	DT	
1849	final	JJ	
1850	image	NN	
1851	stack	??	NN
1852	is	VBZ	
1853	continuous	JJ	
1854	across	IN	
1855	the	DT	
1856	slice	NN	
1857	axis	NN	
1858	and	CC	
1859	maintains	VBZ	
1860	sharp	JJ	
1861	details	NNS	
1862	within	IN	
1863	each	DT	
1864	slice	NN	
1865	Adapting	??	VBG
1866	existing	VBG	
1867	techniques	NNS	
1868	for	IN	
1869	solving	VBG	
1870	the	DT	
1871	linear	??	JJ
1872	system	NN	
1873	we	PRP	
1874	describe	VBP	
1875	a	DT	
1876	parallel	JJ	
1877	algorithm	NN	
1878	with	IN	
1879	time	NN	
1880	complexity	NN	
1881	that	WDT	
1882	is	VBZ	
1883	linear	??	RB
1884	in	IN	
1885	the	DT	
1886	size	NN	
1887	of	IN	
1888	the	DT	
1889	data	NNS	
1890	and	CC	
1891	space	NN	
1892	complexity	NN	
1893	that	WDT	
1894	is	VBZ	
1895	allowing	VBG	
1896	us	PRP	
1897	to	TO	
1898	process	VB	
1899	datasets	NNS	
1900	as	??	IN
1901	large	JJ	
1902	as	IN	
1903	five	CD	
1904	teravoxels	NNS	
1905	with	IN	
1906	a	DT	
1907	600	CD	
1908	MB	??	NN
1909	memory	NN	
1910	footprint	NN	
1911	Index	??	NN
1912	Domain	??	NN
1913	Image	??	VBG
1914	Processing	??	JJ
1915	Image	??	NN
1916	Fusion	??	NN
1917	I	??	NN
1918	INTRODUCTION	??	
1919	Recent	JJ	
1920	innovation	NN	
1921	and	CC	
1922	automation	NN	
1923	of	IN	
1924	electron	NN	
1925	microscopy	NN	
1926	sectioning	NN	
1927	has	VBZ	
1928	made	VBN	
1929	it	PRP	
1930	possible	JJ	
1931	to	TO	
1932	obtain	VB	
1933	image	NN	
1934	stacks	NNS	
1935	capturing	VBG	
1936	the	DT	
1937	relationships	NNS	
1938	between	IN	
1939	cellular	JJ	
1940	structures	NNS	
1941	1	??	CD
1942	This	DT	
1943	in	IN	
1944	turn	NN	
1945	has	VBZ	
1946	motivated	VBN	
1947	research	NN	
1948	in	IN	
1949	areas	NNS	
1950	such	JJ	
1951	as	IN	
1952	connectomics	NNS	
1953	2	??	CD
1954	3	??	CD
1955	4	??	CD
1956	5	??	CD
1957	which	WDT	
1958	aims	VBZ	
1959	to	TO	
1960	gain	VB	
1961	insight	NN	
1962	into	IN	
1963	neural	JJ	
1964	function	NN	
1965	through	IN	
1966	the	DT	
1967	study	NN	
1968	of	IN	
1969	the	DT	
1970	connectivity	NN	
1971	network	NN	
1972	While	IN	
1973	the	DT	
1974	technological	JJ	
1975	advances	NNS	
1976	in	IN	
1977	acquisition	NN	
1978	and	CC	
1979	registration	NN	
1980	have	VBP	
1981	made	VBN	
1982	it	PRP	
1983	possible	JJ	
1984	to	TO	
1985	acquire	VB	
1986	unprecedentedly	RB	
1987	large	JJ	
1988	volumes	NNS	
1989	the	DT	
1990	acquisition	NN	
1991	process	NN	
1992	itself	PRP	
1993	introduces	VBZ	
1994	undesirable	JJ	
1995	artifacts	NNS	
1996	in	IN	
1997	the	DT	
1998	data	NNS	
1999	complicating	VBG	
2000	tasks	NNS	
2001	of	IN	
2002	anatomy	NN	
2003	tracking	??	VBG
2004	One	??	CD
2005	morning	NN	
2006	when	WRB	
2007	Gregor	NNP	
2008	Samsa	NNP	
2009	woke	VBD	
2010	from	IN	
2011	troubled	JJ	
2012	dreams	NNS	
2013	he	PRP	
2014	found	VBD	
2015	himself	PRP	
2016	transformed	VBN	
2017	in	IN	
2018	his	PRP$	
2019	bed	NN	
2020	into	IN	
2021	a	DT	
2022	horrible	JJ	
2023	vermin	NN	
2024	He	PRP	
2025	lay	VBD	
2026	on	IN	
2027	his	PRP$	
2028	back	??	NN
2029	and	CC	
2030	if	IN	
2031	he	PRP	
2032	lifted	VBD	
2033	his	PRP$	
2034	head	NN	
2035	a	DT	
2036	little	JJ	
2037	he	PRP	
2038	could	MD	
2039	see	VB	
2040	his	PRP$	
2041	brown	JJ	
2042	belly	NN	
2043	slightly	RB	
2044	domed	JJ	
2045	and	CC	
2046	divided	VBN	
2047	by	IN	
2048	arches	NNS	
2049	into	IN	
2050	stiff	JJ	
2051	sections	NNS	
2052	The	DT	
2053	bedding	NN	
2054	was	VBD	
2055	hardly	RB	
2056	able	JJ	
2057	to	TO	
2058	cover	VB	
2059	it	PRP	
2060	and	CC	
2061	seemed	VBD	
2062	ready	JJ	
2063	to	TO	
2064	slide	VB	
2065	off	??	IN
2066	any	DT	
2067	moment	NN	
2068	His	PRP$	
2069	many	JJ	
2070	legs	NNS	
2071	pitifully	RB	
2072	thin	JJ	
2073	compared	VBN	
2074	with	IN	
2075	the	DT	
2076	size	NN	
2077	of	IN	
2078	the	DT	
2079	rest	NN	
2080	of	IN	
2081	him	PRP	
2082	waved	VBD	
2083	about	??	RB
2084	helplessly	RB	
2085	as	IN	
2086	he	PRP	
2087	looked	VBD	
2088	What	WP	
2089	s	VBZ	
2090	happened	VBN	
2091	to	??	TO
2092	me	PRP	
2093	he	PRP	
2094	thought	VBD	
2095	It	PRP	
2096	was	VBD	
2097	nt	RB	
2098	a	DT	
2099	dream	NN	
2100	His	PRP$	
2101	room	NN	
2102	a	DT	
2103	proper	JJ	
2104	human	??	JJ
2105	room	NN	
2106	although	IN	
2107	a	DT	
2108	little	??	JJ
2109	too	RB	
2110	small	JJ	
2111	lay	??	VBP
2112	peacefully	RB	
2113	between	IN	
2114	its	PRP$	
2115	four	CD	
2116	familiar	JJ	
2117	walls	NNS	
2118	A	DT	
2119	collection	NN	
2120	of	IN	
2121	textile	??	JJ
2122	samples	NNS	
2123	lay	VBD	
2124	spread	VBN	
2125	out	??	RB
2126	on	IN	
2127	the	DT	
2128	table	NN	
2129	Samsa	NNP	
2130	was	VBD	
2131	a	DT	
2132	travelling	??	VBG
2133	salesman	NN	
2134	and	CC	
2135	above	IN	
2136	it	PRP	
2137	there	??	EX
2138	hung	VBD	
2139	a	DT	
2140	picture	NN	
2141	that	??	WDT
2142	he	PRP	
2143	had	VBD	
2144	recently	RB	
2145	cut	VBN	
2146	out	??	RB
2147	of	IN	
2148	an	DT	
2149	illustrated	??	VBN
2150	magazine	NN	
2151	and	CC	
2152	housed	VBN	
2153	in	IN	
2154	a	DT	
2155	nice	JJ	
2156	gilded	JJ	
2157	frame	NN	
2158	It	PRP	
2159	showed	VBD	
2160	a	DT	
2161	lady	NN	
2162	fitted	??	VBN
2163	out	RP	
2164	with	IN	
2165	a	DT	
2166	fur	NN	
2167	hat	NN	
2168	and	CC	
2169	fur	NN	
2170	boa	??	NN
2171	who	WP	
2172	sat	VBD	
2173	upright	??	RB
2174	raising	VBG	
2175	a	DT	
2176	heavy	JJ	
2177	fur	NN	
2178	muff	NN	
2179	that	WDT	
2180	covered	VBD	
2181	the	DT	
2182	whole	NN	
2183	of	IN	
2184	her	PRP$	
2185	lower	??	JJ
2186	arm	NN	
2187	towards	IN	
2188	the	DT	
2189	viewer	NN	
2190	Gregor	NNP	
2191	then	RB	
2192	turned	VBD	
2193	to	TO	
2194	look	VB	
2195	out	??	IN
2196	the	DT	
2197	window	NN	
2198	at	IN	
2199	the	DT	
2200	dull	JJ	
2201	weather	NN	
2202	It	PRP	
2203	was	VBD	
2204	the	DT	
2205	year	NN	
2206	of	IN	
2207	Our	PRP$	
2208	Lord	NNP	
2209	one	CD	
2210	thousand	CD	
2211	seven	CD	
2212	hundred	CD	
2213	and	CC	
2214	Spiritual	JJ	
2215	revelations	NNS	
2216	were	VBD	
2217	conceded	VBN	
2218	to	??	TO
2219	England	NNP	
2220	at	IN	
2221	that	??	IN
2222	favoured	JJ	
2223	period	NN	
2224	as	??	IN
2225	at	IN	
2226	this	DT	
2227	Mrs	NNP	
2228	Southcott	NNP	
2229	had	VBD	
2230	recently	RB	
2231	attained	VBN	
2232	her	PRP$	
2233	blessed	??	JJ
2234	birthday	NN	
2235	of	IN	
2236	whom	WP	
2237	a	DT	
2238	prophetic	JJ	
2239	private	??	NN
2240	in	IN	
2241	the	DT	
2242	Life	??	NNPS
2243	Guards	??	NNPS
2244	had	VBD	
2245	heralded	VBN	
2246	the	DT	
2247	sublime	JJ	
2248	appearance	NN	
2249	by	IN	
2250	announcing	VBG	
2251	that	??	IN
2252	arrangements	NNS	
2253	were	VBD	
2254	made	VBN	
2255	for	IN	
2256	the	DT	
2257	swallowing	VBG	
2258	up	??	RB
2259	of	IN	
2260	London	NNP	
2261	and	CC	
2262	Westminster	NNP	
2263	Even	RB	
2264	the	DT	
2265	ghost	NN	
2266	had	VBD	
2267	been	VBN	
2268	laid	VBN	
2269	only	RB	
2270	a	DT	
2271	round	JJ	
2272	dozen	NN	
2273	of	IN	
2274	years	NNS	
2275	after	IN	
2276	rapping	VBG	
2277	out	RP	
2278	its	PRP$	
2279	messages	NNS	
2280	as	IN	
2281	the	DT	
2282	spirits	NNS	
2283	of	IN	
2284	this	DT	
2285	very	??	JJ
2286	year	NN	
2287	last	JJ	
2288	past	NN	
2289	supernaturally	RB	
2290	deficient	??	JJ
2291	in	IN	
2292	originality	NN	
2293	rapped	??	VBD
2294	out	??	IN
2295	theirs	PRP	
2296	Mere	??	DT
2297	messages	NNS	
2298	in	IN	
2299	the	DT	
2300	earthly	JJ	
2301	order	NN	
2302	of	IN	
2303	events	NNS	
2304	had	VBD	
2305	lately	RB	
2306	come	??	VBZ
2307	to	??	TO
2308	the	DT	
2309	English	??	NNP
2310	Crown	??	NNP
2311	and	CC	
2312	People	NNS	
2313	from	IN	
2314	a	DT	
2315	congress	NN	
2316	of	IN	
2317	British	JJ	
2318	subjects	NNS	
2319	in	IN	
2320	America	NNP	
2321	which	WDT	
2322	strange	JJ	
2323	to	TO	
2324	relate	VB	
2325	have	VBP	
2326	proved	VBN	
2327	more	RBR	
2328	important	JJ	
2329	to	??	TO
2330	the	DT	
2331	human	JJ	
2332	race	NN	
2333	than	IN	
2334	any	DT	
2335	communications	NNS	
2336	yet	RB	
2337	received	VBN	
2338	through	IN	
2339	any	DT	
2340	of	IN	
2341	the	DT	
2342	chickens	NNS	
2343	of	IN	
2344	the	DT	
2345	brood	NN	
2346	France	NNP	
2347	less	JJR	
2348	favoured	??	VBN
2349	on	IN	
2350	the	DT	
2351	whole	??	NN
2352	as	IN	
2353	to	??	TO
2354	matters	NNS	
2355	spiritual	JJ	
2356	than	IN	
2357	her	PRP$	
2358	sister	NN	
2359	of	IN	
2360	the	DT	
2361	shield	NN	
2362	and	CC	
2363	trident	NN	
2364	rolled	VBD	
2365	with	IN	
2366	exceeding	VBG	
2367	smoothness	??	RB
2368	down	??	IN
2369	hill	NN	
2370	making	VBG	
2371	paper	NN	
2372	money	NN	
2373	and	CC	
2374	spending	??	VBG
2375	it	PRP	
2376	Under	IN	
2377	the	DT	
2378	guidance	NN	
2379	of	IN	
2380	her	PRP$	
2381	Christian	??	NNP
2382	pastors	NNS	
2383	she	PRP	
2384	entertained	VBD	
2385	herself	PRP	
2386	besides	IN	
2387	with	IN	
2388	such	JJ	
2389	humane	JJ	
2390	achievements	NNS	
2391	as	IN	
2392	sentencing	??	VBG
2393	a	DT	
2394	youth	NN	
2395	to	TO	
2396	have	VB	
2397	his	PRP$	
2398	hands	NNS	
2399	cut	??	VBZ
2400	off	RP	
2401	his	PRP$	
2402	tongue	NN	
2403	torn	VBN	
2404	out	??	IN
2405	with	IN	
2406	pincers	NNS	
2407	and	CC	
2408	his	PRP$	
2409	body	NN	
2410	burned	??	VBD
2411	alive	JJ	
2412	because	IN	
2413	he	PRP	
2414	had	VBD	
2415	not	RB	
2416	kneeled	VBN	
2417	down	RP	
2418	in	IN	
2419	the	DT	
2420	rain	NN	
2421	to	TO	
2422	do	VB	
2423	honour	??	NN
2424	to	??	TO
2425	a	DT	
2426	dirty	JJ	
2427	procession	NN	
2428	of	IN	
2429	monks	NNS	
2430	which	WDT	
2431	passed	VBD	
2432	within	IN	
2433	his	PRP$	
2434	view	NN	
2435	at	IN	
2436	a	DT	
2437	distance	NN	
2438	of	IN	
2439	some	DT	
2440	fifty	CD	
2441	or	CC	
2442	sixty	CD	
2443	yards	NNS	
2444	Well	??	UH
2445	then	RB	
2446	the	DT	
2447	old	JJ	
2448	thing/commenced	??	NN/VBD
2449	again	RB	
2450	The	DT	
2451	widow	NN	
2452	rung	VBD	
2453	a	DT	
2454	bell	NN	
2455	for	IN	
2456	supper	NN	
2457	and	CC	
2458	you	PRP	
2459	had	VBD	
2460	to	TO	VBP/TO
2461	come/to	??	
2462	time	NN	
2463	When	WRB	
2464	you	PRP	
2465	got	VBD	
2466	to	??	TO
2467	the	DT	
2468	table	NN	
2469	you	PRP	
2470	could	MD	
2471	nt	RB	
2472	go	VB	
2473	right	RB	
2474	to	??	TO
2475	eating	NN	
2476	but/you	??	CC/PRP
2477	had	VBD	
2478	to	TO	
2479	wait	VB	
2480	for	IN	
2481	the	DT	
2482	widow	NN	
2483	to	TO	
2484	tuck	VB	
2485	down	??	IN
2486	her	PRP$	
2487	head	NN	
2488	and	CC	
2489	grumble	VB	
2490	a	DT	
2491	little/over	??	JJ/IN
2492	the	DT	
2493	victuals	NNS	
2494	though	??	UH
2495	there	EX	
2496	really	RB	
2497	anything	NN	
2498	the	DT	
2499	matter	NN	
2500	is	VBZ	
2501	nothing	NN	
2502	only	RB	
2503	everything	NN	
2504	was	VBD	
2505	cooked	VBN	
2506	by	IN	
2507	itself	PRP	
2508	In	IN	
2509	abarrel	NN	
2510	of	IN	
2511	odds	NNS	
2512	and	CC	
2513	ends	VBZ	
2514	it	PRP	
2515	is	VBZ	
2516	different	JJ	
2517	things	NNS	
2518	get	??	VBD
2519	mixed	VBN	
2520	up	RP	
2521	and	CC	
2522	the/juice	??	DT/NN
2523	kind	??	JJR
2524	of	??	JJR
2525	swaps	NNS	
2526	around	??	IN
2527	and	CC	
2528	the	DT	
2529	things	NNS	
2530	go	??	VBD
2531	better	??	RBR
2532	After	IN	
2533	supper	NN	
2534	she	PRP	
2535	got	VBD	
2536	out	??	IN
2537	her	PRP$	
2538	book	NN	
2539	and	CC	
2540	learned	VBD	
2541	me	PRP	
2542	about	IN	
2543	Moses	??	NNP
2544	and	CC	
2545	theBulrushers	NNS	
2546	and	CC	
2547	I	PRP	
2548	was	VBD	
2549	in	IN	
2550	a	DT	
2551	sweat	NN	
2552	to	TO	
2553	find	VB	
2554	out	RP	
2555	all	DT	
2556	about	IN	
2557	him	PRP	
2558	but	CC	
2559	by	IN	
2560	and/by	??	CC/IN
2561	she	PRP	
2562	let	??	VBZ
2563	it	PRP	
2564	out	RP	
2565	that	IN	
2566	Moses	NNP	
2567	had	VBD	
2568	been	VBN	
2569	dead	JJ	
2570	a	DT	
2571	considerable	JJ	
2572	long	JJ	
2573	time	NN	
2574	so/then	??	IN/RB
2575	I	PRP	
2576	did	VBD	
2577	nt	RB	
2578	care	VB	
2579	no	DT	
2580	more	JJR	
2581	about	IN	
2582	him	PRP	
2583	because	IN	
2584	I	PRP	
2585	do	VBP	
2586	nt	RB	
2587	take	VB	
2588	no	DT	
2589	stock	NN	
2590	in/dead	??	IN/JJ
2591	soon	RB	
2592	I	PRP	
2593	wanted	VBD	
2594	to	TO	
2595	smoke	VB	
2596	and	CC	
2597	asked	VBD	
2598	the	DT	
2599	widow	NN	
2600	to	TO	
2601	let	VB	
2602	me	PRP	
2603	But	CC	
2604	She	PRP	
2605	said	VBD	
2606	it	PRP	
2607	was	VBD	
2608	a	DT	
2609	mean	??	JJ
2610	practice	NN	
2611	and	CC	
2612	was	VBD	
2613	nt	RB	
2614	clean	JJ	
2615	and	CC	
2616	I	PRP	
2617	must/try	??	VBP/VBP
2618	to	TO	
2619	not	RB	
2620	do	VB	
2621	it	PRP	
2622	any	DT	
2623	more	RBR	
2624	That	DT	
2625	is	VBZ	
2626	just	RB	
2627	the	DT	
2628	way	NN	
2629	with	IN	
2630	some	DT	
2631	people	NNS	
2632	They/get	??	PRP/VBZ
2633	down	RP	
2634	on	IN	
2635	a	DT	
2636	thing	NN	
2637	when	WRB	
2638	they	PRP	
2639	do	VBP	
2640	nt	RB	
2641	know	VB	
2642	nothing	NN	
2643	about	IN	
2644	it	PRP	
2645	And	CC	
2646	yet	RB	
2647	there	EX	
2648	was	VBD	
2649	but	CC	
2650	one	CD	
2651	woman	NN	
2652	to	??	TO
2653	him	PRP	
2654	and	CC	
2655	that	??	IN
2656	woman	NN	
2657	was	VBD	
2658	the	DT	
2659	late	JJ	
2660	Irene	NNP	
2661	Adler	NNP	
2662	of	IN	
2663	dubious	JJ	
2664	and	CC	
2665	questionable	JJ	
2666	memory	NN	
2667	I	PRP	
2668	had	VBD	
2669	seen	VBN	
2670	little	??	JJ
2671	of	IN	
2672	Holmes	NNP	
2673	lately	RB	
2674	My	PRP$	
2675	marriage	NN	
2676	had	VBD	
2677	drifted	VBN	
2678	us	PRP	
2679	away	RB	
2680	from	IN	
2681	each	DT	
2682	other	JJ	
2683	My	PRP$	
2684	own	JJ	
2685	complete	JJ	
2686	happiness	NN	
2687	and	CC	
2688	the	DT	
2689	interests	NNS	
2690	which	WDT	
2691	rise	VBP	
2692	up	RP	
2693	around	IN	
2694	the	DT	
2695	man	NN	
2696	who	WP	
2697	first	RB	
2698	finds	VBZ	
2699	himself	PRP	
2700	master	NN	
2701	of	IN	
2702	his	PRP$	
2703	own	JJ	
2704	establishment	NN	
2705	were	VBD	
2706	sufficient	JJ	
2707	to	TO	
2708	absorb	VB	
2709	all	??	DT
2710	my	PRP$	
2711	attention	NN	
2712	while	IN	
2713	Holmes	NNP	
2714	who	WP	
2715	loathed	VBD	
2716	every	DT	
2717	form	NN	
2718	of	IN	
2719	society	NN	
2720	with	IN	
2721	his	PRP$	
2722	whole	JJ	
2723	Bohemian	??	NNP
2724	soul	NN	
2725	remained	VBD	
2726	in	IN	
2727	our	PRP$	
2728	lodgings	NNS	
2729	in	IN	
2730	Baker	NNP	
2731	Street	NNP	
2732	buried	VBN	
2733	among	IN	
2734	his	PRP$	
2735	old	JJ	
2736	books	NNS	
2737	and	CC	
2738	alternating	VBG	
2739	from	IN	
2740	week	NN	
2741	to	??	TO
2742	week	NN	
2743	between	IN	TO
2744	cocaine	NN	
2745	and	CC	
2746	ambition	NN	
2747	the	DT	
2748	drowsiness	NN	
2749	of	IN	
2750	the	DT	
2751	drug	NN	
2752	and	CC	
2753	the	DT	
2754	fierce	JJ	
2755	energy	NN	
2756	of	IN	
2757	his	PRP$	
2758	own	JJ	
2759	keen	JJ	
2760	nature	NN	
2761	He	PRP	
2762	was	VBD	
2763	still	RB	
2764	as	IN	
2765	ever	RB	
2766	deeply	RB	
2767	attracted	VBN	
2768	by	IN	
2769	the	DT	
2770	study	NN	
2771	of	IN	
2772	crime	NN	
2773	and	CC	
2774	occupied	VBD	
2775	his	PRP$	
2776	immense	??	JJ
2777	faculties	NNS	
2778	and	CC	
2779	extraordinary	JJ	
2780	powers	NNS	
2781	of	IN	
2782	observation	NN	
2783	in	IN	
2784	following	VBG	
2785	out	??	IN
2786	those	DT	
2787	clues	NNS	
2788	and	CC	
2789	clearing	VBG	
2790	up	RP	
2791	those	DT	
2792	mysteries	NNS	
2793	which	WDT	
2794	had	VBD	
2795	been	VBN	
2796	abandoned	VBN	
2797	as	IN	
2798	hopeless	JJ	
2799	by	IN	
2800	the	DT	
2801	official	JJ	
2802	police	??	NNS
2803	From	IN	
2804	time	NN	
2805	to	??	
2806	time	NN	
2807	I	PRP	
2808	heard	VBD	
2809	some	DT	
2810	vague	JJ	
2811	account	NN	
2812	of	IN	
2813	his	PRP$	
2814	doings	NNS	
2815	of	IN	
2816	his	PRP$	
2817	summons	??	NNS
2818	to	??	TO
2819	Odessa	NNP	
2820	in	IN	
2821	the	DT	
2822	case	NN	
2823	of	IN	
2824	the	DT	
2825	Trepoff	??	NNP
2826	murder	NN	
2827	of	IN	
2828	his	PRP$	
2829	clearing	??	VBG
2830	up	??	IN
2831	of	IN	
2832	the	DT	
2833	singular	JJ	
2834	tragedy	NN	
2835	of	IN	
2836	the	DT	
2837	Atkinson	NNP	
2838	brothers	NNS	
2839	at	IN	
2840	Trincomalee	NNP	
2841	and	CC	
2842	finally	RB	
2843	of	IN	
2844	the	DT	
2845	mission	NN	
2846	which	WDT	
2847	he	PRP	
2848	had	VBD	
2849	accomplished	VBN	
2850	so	RB	
2851	delicately	RB	
2852	and	CC	
2853	successfully	RB	
2854	for	IN	
2855	the	DT	
2856	reigning	??	VBG
2857	family	NN	
2858	of	IN	
2859	Holland	NNP	
2860	Emma	NNP	
2861	Woodhouse	NNP	
2862	handsome	JJ	
2863	clever	JJ	
2864	and	CC	
2865	rich	JJ	
2866	with	IN	
2867	a	DT	
2868	comfortable	JJ	
2869	homeand	NN	
2870	happy	JJ	
2871	disposition	NN	
2872	seemed	VBD	
2873	to	TO	
2874	unite	VB	
2875	some	DT	
2876	of	IN	
2877	the	DT	
2878	best	JJS	
2879	blessings	NNS	
2880	ofexistence	NN	
2881	and	CC	
2882	had	VBD	
2883	lived	VBN	
2884	nearly	RB	
2885	years	NNS	
2886	in	IN	
2887	the	DT	
2888	world	NN	
2889	with	IN	
2890	verylittle	NN	
2891	to	??	TO
2892	distress	NN	
2893	or	CC	
2894	vex	VB	
2895	her	PRP	
2896	She	PRP	
2897	was	VBD	
2898	the	DT	
2899	youngest	JJS	
2900	of	IN	
2901	the	DT	
2902	two	CD	
2903	daughters	NNS	
2904	of	IN	
2905	a	DT	
2906	most	RBS	
2907	affectionate	JJ	
2908	indulgent	??	JJ
2908	father	NN	
2910	and	CC	
2911	had	VBD	
2912	in	IN	
2913	consequence	NN	
2914	of	IN	
2915	her	PRP$	
2916	sister	NN	
2917	s	POS	
2918	marriage	NN	
2919	beenmistress	NN	
2920	of	IN	
2921	his	PRP$	
2922	house	NN	
2923	from	IN	
2924	a	DT	
2925	very	RB	
2926	early	JJ	
2927	period	NN	
2928	Her	PRP$	
2929	mother	NN	
2930	had	VBD	
2931	died/too	??	VBD/RB
2932	long	RB	
2933	ago	RB	
2934	for	IN	
2935	her	??	PRP
2936	to	TO	
2937	have	VB	
2938	more	JJR	
2939	than	IN	
2940	an	DT	
2941	indistinct	JJ	
2942	remembrance	NN	
2943	of/her	??	IN/PAP
2944	caresses	??	NNS
2945	and	CC	
2946	her	PRP$	
2947	place	NN	
2948	had	VBD	
2949	been	VBN	
2950	supplied	VBN	
2951	by	IN	
2952	an	DT	
2953	excellent	JJ	
2954	woman	NN	
2955	asgoverness	NN	
2956	who	WP	
2957	had	VBD	
2958	fallen	VBN	
2959	little	JJ	
2960	short	JJ	
2961	of	IN	
2962	a	DT	
2963	mother	NN	
2964	in	IN	
2965	affection	NN	
2966	Sixteen	CD	
2967	years	NNS	
2968	had	VBD	
2969	Miss	NNP	
2970	Taylor	NNP	
2971	been	VBN	
2972	in	IN	
2973	Mr	NNP	
2974	Woodhouse	NNP	
2975	s	POS	
2976	family	NN	
2977	less	??	JJR
2978	as	IN	
2979	agoverness	NN	
2980	than	IN	
2981	a	DT	
2982	friend	NN	
2983	very	RB	
2984	fond	JJ	
2985	of	IN	
2986	both	??	DT
2987	daughters	NNS	
2988	but	CC	
2989	particularly/of	??	RB/IN
2990	Emma	NNP	
2991	Between	IN	
2992	_	??	??
2993	it	PRP	
2994	was	VBD	
2995	more	??	RBR
2996	the	DT	
2997	intimacy	NN	
2998	of	IN	
2999	sisters	NNS	
3000	Even	RB	
3001	beforeMiss	??	IN/NNP
3002	Taylor	NNP	
3003	had	VBD	
3004	ceased	VBN	
3005	to	TO	
3006	hold	VB	
3007	the	DT	
3008	nominal	JJ	
3009	office	NN	
3010	of	IN	
3011	governess	NN	
3012	themildness	NN	
3013	of	IN	
3014	her	PRP$	
3015	temper	NN	
3016	had	VBD	
3017	hardly	RB	
3018	allowed	VBN	
3019	her	??	PRP
3020	to	TO	
3021	impose	VB	
3022	any	DT	
3023	the	DT	
3024	shadow	NN	
3025	of	IN	
3026	authority	NN	
3027	being	VBG	
3028	now	RB	
3029	long	RB	
3030	passed	VBN	
3031	away	RB	
3032	they	PRP	
3033	had	VBD	
3034	been/living	??	VBN/VBG
3035	together	RB	
3036	as	IN	
3037	friend	NN	
3038	and	CC	
3039	friend	NN	
3040	very	RB	
3041	mutually	RB	
3042	attached	??	VBD
3043	and	CC	
3044	Emmadoing	NNP	
3045	just	RB	
3046	what	WP	
3047	she	PRP	
3048	liked	VBD	
3049	highly	RB	
3050	esteeming	??	VBG
3051	Miss	NNP	
3052	Taylor	NNP	
3053	s	POS	
3054	judgment	NN	
3055	but/directed	??	CC/VBD
3056	chiefly	RB	
3057	by	IN	
3058	her	PRP$	
3059	own	JJ	
3060	The	??	DT
3061	studio	NN	
3062	was	VBD	
3063	filled	VBN	
3064	with	IN	
3065	the	DT	
3066	rich	JJ	
3067	odour	NN	
3068	of	IN	
3069	roses	NNS	
3070	and	CC	
3071	when	WRB	
3072	the	DT	
3073	lightsummer	NN	
3074	wind	NN	
3075	stirred	??	VBD
3076	amidst	IN	
3077	the	DT	
3078	trees	NNS	
3079	of	IN	
3080	the	DT	
3081	garden	NN	
3082	there	EX	
3083	came	VBD	
3084	through/the	??	IN/DT
3085	open	JJ	
3086	door	NN	
3087	the	DT	
3088	heavy	JJ	
3089	scent	NN	
3090	of	IN	
3091	the	DT	
3092	lilac	NN	
3093	or	CC	
3094	the	DT	
3095	more	JJR	
3096	delicateperfume	NN	
3097	of	IN	
3098	the	DT	
3099	thorn	NN	
3100	From	IN	
3101	the	DT	
3102	corner	NN	
3103	of	IN	
3104	the	DT	
3105	divan	NN	
3106	of	IN	
3107	Persian	??	NNP
3108	on	IN	
3109	which	WDT	
3110	he	PRP	
3111	was/lying	??	VBD/VBG
3112	smoking	??	VBG
3113	as	IN	
3114	was	VBD	
3115	his	PRP$	
3116	custom	NN	
3117	innumerable	JJ	
3118	cigarettes	NNS	
3119	Lord	NNP	
3120	HenryWotton	NNP	
3121	could	MD	
3122	just	RB	
3123	catch	VB	
3124	the	DT	
3125	gleam	NN	
3126	of	IN	
3127	the	DT	
3128	and	CC	
3129	of	IN	
3130	a	DT	
3131	laburnum	NN	
3132	whose	WP$	
3133	tremulous	JJ	
3134	branches	NNS	
3135	seemed	VBD	
3136	hardly	RB	
3137	able	JJ	
3138	to/bear	??	TO/VB
3139	the	DT	
3140	burden	NN	
3141	of	IN	
3142	a	DT	
3143	beauty	NN	
3144	so	RB	
3145	flamelike	??	JJ
3146	as	IN	
3147	theirs	PRP	
3148	and	CC	
3149	now	RB	
3150	and	CC	
3151	then/the	??	RB/DT
3152	fantastic	JJ	
3153	shadows	NNS	
3154	of	IN	
3155	birds	NNS	
3156	in	IN	
3157	flight	NN	
3158	flitted	VBD	
3159	across	IN	
3160	the	DT	
3161	curtains	NNS	
3162	that	WDT	
3163	were	VBD	
3164	stretched	VBN	
3165	in	IN	
3166	front	NN	
3167	of	IN	
3168	the	DT	
3169	huge	JJ	
3170	window	NN	
3171	producing	VBG	
3172	a	DT	
3173	kind	NN	
3174	of	IN	
3175	momentary	JJ	
3176	Japanese	JJ	
3177	effect	NN	
3178	and	CC	
3179	making	VBG	
3180	him	PRP	
3181	think	VB	
3182	of/those	??	IN/DT
3183	pallid	??	JJ
3184	painters	NNS	
3185	of	IN	
3186	Tokyo	NNP	
3187	who	WP	
3188	through	IN	
3189	the	DT	
3190	medium	??	NNP
3191	of/an	??	IN/DT
3192	art	NN	
3193	that	WDT	
3194	is	VBZ	
3195	necessarily	RB	
3196	immobile	??	JJ
3197	seek	VB	
3198	to	TO	
3199	convey	VB	
3200	the	DT	
3201	sense	NN	
3202	ofswiftness	NN	
3203	and	CC	
3204	motion	NN	
3205	The	DT	
3206	sullen	JJ	
3207	murmur	NN	
3208	of	IN	
3209	the	DT	
3210	bees	NNS	
3211	shouldering	VBG	
3212	their/way	??	PRP/NN
3213	through	IN	
3214	the	DT	
3215	long	JJ	
3216	unmown	JJ	
3217	grass	NN	
3218	or	CC	
3219	circling	VBG	
3220	with	IN	
3221	monotonousinsistence	NN	
3222	round	??	IN/DT
3223	the	DT	
3224	dusty	JJ	
3225	gilt	??	JJ
3226	horns	NNS	
3227	of	IN	
3228	the	DT	
3229	straggling	??	VBG
3230	woodbine	NN	
3231	seemed	VBD	
3232	to	TO	
3233	make	VB	
3234	the	DT	
3235	stillness	NN	
3236	more	RBR	
3237	oppressive	JJ	
3238	The	DT	
3239	dim	JJ	
3240	roar	NN	
3241	of	IN	
3242	Londonwas	NNP	
3243	like	IN	
3244	the	DT	
3245	bourdon	??	JJ
3246	note	NN	
3247	of	IN	
3248	a	DT	
3249	distant	JJ	
3250	organ	NN	
3251	He	??	PRP
3252	went	VBD	
3253	up	??	IN
3254	to	??	TO
3255	Anna	NNP	
3256	Pavlovna	NNP	
3257	kissed	VBD	
3258	her	PRP$	
3259	hand	NN	
3260	presenting	VBG	
3261	to	??	TO
3262	her	PRP$	
3263	his	PRP$	
3264	bald	??	JJ
3265	scented	??	VBN
3266	and	CC	
3267	shining	VBG	
3268	head	NN	
3269	and	CC	
3270	complacently	RB	
3271	seated	??	VBD
3272	himself	PRP	
3273	on	IN	
3274	the	DT	
3275	sofa	NN	
3276	First	??	JJ
3277	of	IN	
3278	all	DT	
3279	dear	??	JJ
3280	friend	NN	
3281	tell	VB	
3282	me	PRP	
3283	how	WRB	
3284	you	PRP	
3285	are	VBP	
3286	Set	VB	
3287	your	PRP$	
3288	friend	NN	
3289	s	POS	
3290	mind	NN	
3291	at	IN	
3292	rest	NN	
3293	said	VBD	
3294	he	PRP	
3295	without	IN	
3296	altering	VBG	
3297	his	PRP$	
3298	tone	NN	
3299	beneath	IN	
3300	the	DT	
3301	politeness	NN	
3302	and	CC	
3303	affected	??	VBD
3304	sympathy	NN	
3305	of	IN	
3306	which	WDT	
3307	indifference	NN	
3308	and	CC	
3309	even	RB	
3310	irony	NN	
3311	could	MD	
3312	be	VB	
3313	discerned	VBN	
3314	Can	MD	
3315	one	??	NN
3316	be	VB	
3317	well	RB	
3318	while	IN	
3319	suffering	VBG	
3320	morally	RB	
3321	Can	MD	
3322	one	??	NN
3323	be	VB	
3324	calm	??	JJ
3325	in	IN	
3326	times	NNS	
3327	like	IN	
3328	these	DT	
3329	if	IN	
3330	one	??	NN
3331	has	VBZ	
3332	any	DT	
3333	feeling	NN	
3334	said	VBD	
3335	Anna	NNP	
3336	Pavlovna	NNP	
3337	You	PRP	
3338	are	VBP	
3339	staying	VBG	
3340	the	DT	
3341	whole	JJ	
3342	evening	NN	
3343	I	PRP	
3344	hope	VBP	
3345	And	CC	
3346	the	DT	
3347	fete	NN	
3348	at	IN	
3349	the	DT	
3350	English	??	NNP
3351	ambassador	NN	
3352	s	POS	
3353	Today	NN	
3354	is	VBZ	
3355	Wednesday	NNP	
3356	I	PRP	
3357	must	MD	
3358	put	VB	
3359	in	IN	
3360	an	DT	
3361	appearance	NN	
3362	there	RB	
3363	said	VBD	
3364	the	DT	
3365	prince	NN	
3366	My	PRP$	
3367	daughter	NN	
3368	is	VBZ	
3369	coming	VBG	
3370	for	IN	
3371	me	PRP	
3372	to	TO	
3373	take	VB	
3374	me	PRP	
3375	there	??	IN
3376	I	PRP	
3377	thought	VBD	
3378	today	NN	
3379	s	POS	
3380	fete	NN	
3381	had	VBD	
3382	been	VBN	
3383	canceled	VBN	
3384	I	PRP	
3385	confess	VBP	
3386	all	??	PDT
3387	these	DT	
3388	festivities	NNS	
3389	and	CC	
3390	fireworks	NNS	
3391	are	VBP	
3392	becoming	VBG	
3393	wearisome	??	JJ
3394	If	IN	
3395	they	PRP	
3396	had	VBD	
3397	known	VBN	
3398	that	IN	
3399	you	PRP	
3400	wished	VBD	
3401	it	PRP	
3402	the	DT	
3403	entertainment	NN	
3404	would	MD	
3405	have	VB	
3406	been	VBN	
3407	put	VBN	
3408	off	RP	
3409	said	VBD	
3410	the	DT	
3411	prince	NN	
3412	who	WP	
3413	like	IN	
3414	a	DT	
3415	clock	NN	
3416	by	IN	
3417	force	NN	
3418	of	IN	
3419	habit	NN	
3420	said	VBD	
3421	things	NNS	
3422	he	PRP	
3423	did	VBD	
3424	not	RB	
3425	even	RB	
3426	wish	VB	
3427	to	TO	
3428	be	VB	
3429	believed	VBN	
3430	Do	??	IN
3431	nt	RB	
3432	tease	VB	
3433	Well	??	UH
3434	and	CC	
3435	what	WP	
3436	has	VBZ	
3437	been	VBN	
3438	decided	VBN	
3439	about	IN	
3440	Novosiltsev	NNP	
3441	s	POS	
3442	dispatch	??	NN
3443	You	PRP	
3444	know	VBP	
3445	everything	NN	
3446	What	WP	
3447	can	MD	
3448	one	??	NN
3449	say	??	VBZ
3450	about	IN	
3451	it	PRP	
3452	replied	VBD	
3453	the	DT	
3454	prince	NN	
3455	in	IN	
3456	a	DT	
3457	cold	JJ	
3458	listless	JJ	
3459	tone	NN	
3460	What	WP	
3461	has	VBZ	
3462	been	VBN	
3463	decided	VBN	
3464	They	PRP	
3465	have	VBP	
3466	decided	VBN	
3467	that	IN	
3468	Buonaparte	NNP	
3469	has	VBZ	
3470	burnt	VBN	
3471	his	PRP$	
3472	boats	NNS	
3473	and	CC	
3474	I	PRP	
3475	believe	VBP	
3476	that	IN	
3477	we	PRP	
3478	are	VBP	
3479	ready	JJ	
3480	to	TO	
3481	burn	VB	
3482	ours	PRP	
3483	In	??	IN
3484	the	DT	
3485	offing	??	NN
3486	the	DT	
3487	sea	NN	
3488	and	CC	
3489	the	DT	
3490	sky	NN	
3491	were	VBD	
3492	welded	VBN	
3493	together	RB	
3494	without	IN	
3495	a	DT	
3496	joint	??	NN
3497	and	CC	
3498	in	IN	
3499	the	DT	
3500	luminous	JJ	
3501	space	NN	
3502	the	DT	
3503	tanned	??	VBN
3504	sails	NNS	
3505	of	IN	
3506	the	DT	
3507	barges	NNS	
3508	drifting	VBG	
3509	up	RP	
3510	with	IN	
3511	the	DT	
3512	tide	NN	
3513	seemed	VBD	
3514	to	TO	
3515	stand	VB	
3516	still	RB	
3517	in	IN	
3518	red	JJ	
3519	clusters	NNS	
3520	of	IN	
3521	canvas	NN	
3522	sharply	RB	
3523	peaked	VBD	
3524	with	IN	
3525	gleams	NNS	
3526	of	IN	
3527	varnished	??	VBD
3528	sprits	NNS	
3529	A	DT	
3530	haze	NN	
3531	rested	VBD	
3532	on	IN	
3533	the	DT	
3534	low	JJ	
3535	shores	NNS	
3536	that	WDT	
3537	ran	VBD	
3538	out	RP	
3539	to	??	TO
3540	sea	NN	
3541	in	IN	
3542	vanishing	VBG	
3543	flatness	NN	
3544	The	DT	
3545	air	NN	
3546	was	VBD	
3547	dark	JJ	
3548	above	IN	
3549	Gravesend	NNP	
3550	and	CC	
3551	farther	RB	
3552	back	RB	
3553	still	RB	
3554	seemed	VBD	
3555	condensed	??	VBN
3556	into	IN	
3557	a	DT	
3558	mournful	JJ	
3559	gloom	NN	
3560	brooding	??	VBG
3561	motionless	??	JJ
3562	over	IN	
3563	the	DT	
3564	biggest	JJS	
3565	and	CC	
3566	the	DT	
3567	greatest	JJS	
3568	town	NN	
3569	on	IN	
3570	earth	NN	
3571	The	DT	
3572	Director	??	NNP
3573	of	IN	
3574	Companies	??	NNP
3575	was	VBD	
3576	our	PRP$	
3577	captain	NN	
3578	and	CC	
3579	our	PRP$	
3580	host	NN	
3581	We	PRP	
3582	four	CD	
3583	affectionately	RB	
3584	watched	??	VBD
3585	his	PRP$	
3586	back	NN	
3587	as	IN	
3588	he	PRP	
3589	stood	VBD	
3590	in	IN	
3591	the	DT	
3592	bows	NNS	
3593	looking	VBG	
3594	to	??	TO
3595	seaward	??	NN
3596	On	IN	
3597	the	DT	
3598	whole	JJ	
3599	river	NN	
3600	there	EX	
3601	was	VBD	
3602	nothing	NN	
3603	that	??	IN
3604	looked	VBD	
3605	half	??	JJ
3606	so	RB	
3607	nautical	JJ	
3608	He	PRP	
3609	resembled	VBD	
3610	a	DT	
3611	pilot	NN	
3612	which	WDT	
3613	to	??	TO
3614	a	DT	
3615	seaman	NN	
3616	is	VBZ	
3617	trustworthiness	NN	
3618	personified	VBN	
3619	It	PRP	
3620	was	VBD	
3621	difficult	JJ	
3622	to	TO	
3623	realize	VB	
3624	his	PRP$	
3625	work	NN	
3626	was	VBD	
3627	not	RB	
3628	out	??	IN
3629	there	RB	
3630	in	IN	
3631	the	DT	
3632	luminous	JJ	
3633	estuary	NN	
3634	but	CC	
3635	behind	IN	
3636	him	PRP	
3637	within	IN	
3638	the	DT	
3639	brooding	??	VBG
3640	gloom	NN	
3641	Between	IN	
3642	us	PRP	
3643	there	??	IN
3644	was	VBD	
3645	as	IN	
3646	I	PRP	
3647	have	VBP	
3648	already	RB	
3649	said	??	VBD
3650	somewhere	RB	
3651	the	DT	
3652	bond	NN	
3653	of	IN	
3654	the	DT	
3655	sea	NN	
3656	Besides	IN	
3657	holding	VBG	
3658	our	PRP$	
3659	hearts	NNS	
3660	together	RB	
3661	through	IN	
3662	long	JJ	
3663	periods	NNS	
3664	of	IN	
3665	separation	NN	
3666	it	PRP	
3667	had	VBD	
3668	the	DT	
3669	effect	NN	
3670	of	IN	
3671	making	VBG	
3672	us	PRP	
3673	tolerant	JJ	
3674	of	IN	
3675	each	DT	
3676	other	JJ	
3677	s	POS	
3678	even	RB	
3679	convictions	NNS	
3680	The	DT	
3681	best	JJS	
3682	of	IN	
3683	old	JJ	
3684	because	IN	
3685	of	IN	
3686	his	PRP$	
3687	many	JJ	
3688	years	NNS	
3689	and	CC	
3690	many	JJ	
3691	virtues	NNS	
3692	the	DT	
3693	only	JJ	
3694	cushion	NN	
3695	on	IN	
3696	deck	NN	
3697	and	CC	
3698	was	VBD	
3699	lying	VBG	
3700	on	IN	
3701	the	DT	
3702	only	JJ	
3703	rug	NN	
3704	From	IN	
3705	the	DT	
3706	listless	JJ	
3707	repose	NN	
3708	of	IN	
3709	the	DT	
3710	place	NN	
3711	and	CC	
3712	the	DT	
3713	peculiar	JJ	
3714	character	NN	
3715	of	IN	
3716	its	PRP$	
3717	inhabitants	NNS	
3718	who	WP	
3719	are	VBP	
3720	descendants	NNS	
3721	from	IN	
3722	the	DT	
3723	original	JJ	
3724	Dutch	??	NNPS
3725	settlers	NNS	
3726	this	DT	
3727	sequestered	??	VBN
3728	glen	??	NN
3729	has	VBZ	
3730	long	RB	
3731	been	VBN	
3732	known	VBN	
3733	by	IN	
3734	the	DT	
3735	name	NN	
3736	of	IN	
3737	SLEEPY	NNP	
3738	HOLLOW	NNP	
3739	and	CC	
3740	its	PRP$	
3741	rustic	JJ	
3742	lads	NNS	
3743	are	VBP	
3744	called	VBN	
3745	the	DT	
3746	Sleepy	NNP	
3747	Hollow	NNP	
3748	Boys	NNPS	
3749	throughout	IN	
3750	all	PDT	
3751	the	DT	
3752	neighboring	??	JJ
3753	country	NN	
3754	A	DT	
3755	drowsy	??	JJ
3756	dreamy	JJ	
3757	influence	NN	
3758	seems	VBZ	
3759	to	TO	
3760	hang	VB	
3761	over	IN	
3762	the	DT	
3763	land	NN	
3764	and	CC	
3765	to	TO	
3766	pervade	VB	
3767	the	DT	
3768	very	??	DT
3769	atmosphere	NN	
3770	Some	DT	
3771	say	VBP	
3772	that	IN	
3773	the	DT	
3774	place	NN	
3775	was	VBD	
3776	bewitched	VBN	
3777	by	IN	
3778	a	DT	
3779	High	JJ	
3780	German	JJ	
3781	doctor	NN	
3782	during	IN	
3783	the	DT	
3784	early	JJ	
3785	days	NNS	
3786	of	IN	
3787	the	DT	
3788	settlement	NN	
3789	others	NNS	
3790	that	IN	
3791	an	DT	
3792	old	JJ	
3793	Indian	JJ	
3794	chief	NN	
3795	the	DT	
3796	prophet	NN	
3797	or	CC	
3798	wizard	NN	
3799	of	IN	
3800	his	PRP$	
3801	tribe	NN	
3802	held	VBD	
3803	his	PRP$	
3804	powwows	NNS	
3805	there	RB	
3806	before	IN	
3807	the	DT	
3808	country	NN	
3809	was	VBD	
3810	discovered	VBN	
3811	by	IN	
3812	Master	NNP	
3813	Hendrick	NNP	
3814	Hudson	NNP	
3815	Certain	JJ	
3816	it	PRP	
3817	is	VBZ	
3818	the	DT	
3819	place	NN	
3820	still	RB	
3821	continues	VBZ	
3822	under	IN	
3823	the	DT	
3824	sway	??	NN
3825	of	IN	
3826	some	DT	
3827	witching	NN	
3828	power	NN	
3829	that	WDT	
3830	holds	VBZ	
3831	a	DT	
3832	spell	NN	
3833	over	IN	
3834	the	DT	
3835	minds	NNS	
3836	of	IN	
3837	the	DT	
3838	good	JJ	
3839	people	NNS	
3840	causing	VBG	
3841	them	PRP	
3842	to	TO	
3843	walk	VB	
3844	in	IN	
3845	a	DT	
3846	continual	JJ	
3847	reverie	NN	
3848	They	PRP	
3849	are	VBP	
3850	given	VBN	
3851	to	??	TO
3852	all	DT	
3853	kinds	NNS	
3854	of	IN	
3855	marvellous	JJ	
3856	beliefs	NNS	
3857	are	VBP	
3858	subject	JJ	
3859	to	??	TO
3860	trances	NNS	
3861	and	CC	
3862	visions	NNS	
3863	and	CC	
3864	frequently	RB	
3865	see	??	VBZ
3866	strange	JJ	
3867	sights	NNS	
3868	and	CC	
3869	hear	??	VBZ
3870	music	NN	
3871	and	CC	
3872	voices	NNS	
3873	in	IN	
3874	the	DT	
3875	air	NN	
3876	The	DT	
3877	whole	JJ	
3878	neighborhood	NN	
3879	abounds	VBZ	
3880	with	IN	
3881	local	JJ	
3882	tales	NNS	
3883	haunted	??	VBN
3884	spots	NNS	
3885	and	CC	
3886	twilight	??	JJ
3887	superstitions	NNS	
3888	stars	NNS	
3889	shoot	??	VBZ
3890	and	CC	
3891	meteors	NNS	
3892	glare	??	VBZ
3893	oftener	NN	
3894	across	IN	
3895	the	DT	
3896	valley	NN	
3897	than	IN	
3898	in	IN	
3899	any	DT	
3900	other	JJ	
3901	part	NN	
3902	of	IN	
3903	the	DT	
3904	country	NN	
3905	and	CC	
3906	the	DT	
3907	nightmare	NN	
3908	with	IN	
3909	her	PRP$	
3910	whole	JJ	
3911	ninefold	??	JJ
3912	seems	VBZ	
3913	to	TO	
3914	make	VB	
3915	it	PRP	
3916	the	DT	
3917	favorite	JJ	
3918	scene	NN	
3919	of	IN	
3920	her	PRP$	
3921	gambols	NNS	
3922	This	DT	
3923	is	VBZ	
3924	our	PRP$	
3925	home	NN	
3926	she	PRP	
3927	said	VBD	
3928	Tuesday	NNP	
3929	standing	VBG	
3930	in	IN	
3931	her	PRP$	
3932	driveway	NN	
3933	wearing	VBG	
3934	a	DT	
3935	sleeveless	JJ	
3936	blouse	NN	
3937	and	CC	
3938	sandals	NNS	
3939	Until	IN	
3940	it	PRP	
3941	s	??	POS
3942	in	IN	
3943	my	PRP$	
3944	backyard	NN	
3945	and	CC	
3946	that	??	DT
3947	rubber	NN	
3948	is	VBZ	
3949	melting	VBG	
3950	on	IN	
3951	my	PRP$	
3952	truck	NN	
3953	not	RB	
3954	going	VBG	
3955	anywhere	RB	
3956	got	??	MD
3957	to	TO	
3958	protect	VB	
3959	the	DT	
3960	neighborhood	NN	
3961	Who	WP	
3962	else	RB	
3963	is	VBZ	
3964	going	VBG	
3965	to	??	
3966	The	DT	
3967	flames	NNS	
3968	came	VBD	
3969	close	RB	
3970	to	??	TO
3971	this	DT	
3972	neighborhood	NN	
3973	on	IN	
3974	the	DT	
3975	fire	NN	
3976	s	POS	
3977	northern	JJ	
3978	edge	NN	
3979	Monday	NNP	
3980	night	NN	
3981	A	DT	
3982	wind	NN	
3983	shift	??	NN
3984	pushed	??	VBD
3985	flames	NNS	
3986	from	IN	
3987	the	DT	
3988	next	JJ	
3989	road	NN	
3990	south	RB	
3991	West	??	NNP
3992	Sockeye	NNP	
3993	Avenue	NNP	
3994	near	IN	
3995	where	WRB	
3996	the	DT	
3997	fire	NN	
3998	started	VBD	
3999	and	CC	
4000	toward	IN	
4001	the	DT	
4002	rural	JJ	
4003	West	NNP	
4004	Sheep	NNP	
4005	Creek	NNP	
4006	Drive	NNP	
4007	neighborhood	NN	
4008	where	WRB	
4009	Walz	NNP	
4010	lives	VBZ	
4011	amid	IN	
4012	a	DT	
4013	thick	JJ	
4014	canopy	NN	
4015	of	IN	
4016	the	DT	
4017	same	JJ	
4018	black	JJ	
4019	spruce	??	NN
4020	that	IN	
4021	this	DT	
4022	fire	NN	
4023	blows	??	VBZ
4024	through	IN	
4025	like	IN	
4026	standing	VBG	
4027	tinder	NN	
4028	Alaska	NNP	
4029	State	NNP	
4030	Troopers	??	NNPS
4031	told	VBD	
4032	the	DT	
4033	scattered	??	VBN
4034	residents	NNS	
4035	along	IN	
4036	the	DT	
4037	gravel	NN	
4038	road	NN	
4039	to	TO	
4040	evacuate	VB	
4041	Walz	NNP	
4042	lost	VBD	
4043	her	PRP$	
4044	home	NN	
4045	in	IN	
4046	the	DT	
4047	1996	CD	
4048	Miller	NNP	
4049	s	POS	
4050	Reach	??	NNPS
4051	fire	NN	
4052	that	WDT	
4053	destroyed	VBD	
4054	more	JJR	
4055	than	IN	
4056	400	CD	
4057	I	PRP	
4058	told	VBD	
4059	him	PRP	
4060	I	PRP	
4061	was	VBD	
4062	nt	RB	
4063	leaving	VBG	
4064	she	PRP	
4065	said	VBD	
4066	They	PRP	
4067	said	VBD	
4068	it	PRP	
4069	was	VBD	
4070	voluntary	JJ	
4071	anyway	RB	
4072	This	DT	
4073	fire	NN	
4074	however	RB	
4075	is	VBZ	
4076	expected	VBN	
4077	to	TO	
4078	turn	VB	
4079	ugly	??	JJ
4080	again	RB	
4081	Forecasts	NNS	
4082	called	??	VBD
4083	for	IN	
4084	extreme	JJ	
4085	behavior	NN	
4086	Tuesday	NNP	
4087	night	NN	
4088	due	??	RB
4089	to	??	TO
4090	thunderstorms	NNS	
4091	and	CC	
4092	erratic	JJ	
4093	winds	NNS	
4094	The	DT	
4095	crews	NNS	
4096	fighting	VBG	
4097	the	DT	
4098	fire	NN	
4099	acknowledge	??	VB
4100	the	DT	
4101	state	NN	
4102	s	POS	
4103	general	JJ	
4104	policy	NN	
4105	against	IN	
4106	mandatory	JJ	
4107	evacuations	NNS	
4108	But	CC	
4109	they	PRP	
4110	do	VBP	
4111	nt	RB	
4112	like	VB	
4113	it	PRP	
4114	officials	NNS	
4115	say	VBP	
4116	because	IN	
4117	homeowners	NNS	
4118	may	MD	
4119	misjudge	VB	
4120	the	DT	
4121	danger	NN	
4122	The	DT	
4123	troopers	NNS	
4124	are	VBP	
4125	very	RB	
4126	cautious	JJ	
4127	in	IN	
4128	advising	VBG	
4129	us	PRP	
4130	that	IN	
4131	evacuations	NNS	
4132	are	VBP	
4133	voluntary	JJ	
4134	Tom	NNP	
4135	Kurth	NNP	
4136	incident	NN	
4137	commander	NN	
4138	on	IN	
4139	the	DT	
4140	fire	NN	
4141	said	VBD	
4142	during	IN	
4143	a	DT	
4144	press	NN	
4145	conference	NN	
4146	Tuesday	NNP	
4147	Little	??	JJ
4148	by	IN	
4149	little	JJ	
4150	allowed	??	VBD
4151	our	PRP$	
4152	freedom	NN	
4153	to	TO	
4154	slip	VB	
4155	away	RB	
4156	Mr	NNP	
4157	Paul	NNP	
4158	said	VBD	
4159	during	IN	
4160	a	DT	
4161	lengthy	JJ	
4162	floor	NN	
4163	soliloquy	NN	
4164	The	DT	
4165	expiration	NN	
4166	of	IN	
4167	surveillance	NN	
4168	authority	NN	
4169	demonstrates	VBZ	
4170	a	DT	
4171	profound	JJ	
4172	shift	NN	
4173	in	IN	
4174	American	JJ	
4175	attitudes	NNS	
4176	since	IN	
4177	the	DT	
4178	days	NNS	
4179	after	IN	
4180	the	DT	
4181	Sept	NNP	
4182	11	CD	
4183	2001	CD	
4184	terrorist	JJ	
4185	attacks	NNS	
4186	when	WRB	
4187	national	JJ	
4188	security	NN	
4189	was	VBD	
4190	in	IN	
4191	both	DT	
4192	parties	NNS	
4193	Fourteen	CD	
4194	years	NNS	
4195	after	IN	
4196	that	DT	
4197	attack	NN	
4198	even	RB	
4199	as	IN	
4200	American	JJ	
4201	conflicts	NNS	
4202	continue	VBP	
4203	abroad	RB	
4204	a	DT	
4205	swell	NN	
4206	of	IN	
4207	privacy	NN	
4208	concerns	NNS	
4209	stemming	VBG	
4210	from	IN	
4211	both	??	PDT
4212	the	DT	
4213	vast	JJ	
4214	expansion	NN	
4215	of	IN	
4216	communication	NN	
4217	systems	NNS	
4218	and	CC	
4219	an	DT	
4220	increasing	VBG	
4221	distrust	??	NN
4222	of	IN	
4223	??	NN	
4224	use	NN	
4225	of	IN	
4226	data	NNS	
4227	has	VBZ	
4228	turned	VBN	
4229	those	DT	
4230	concerns	NNS	
4231	on	IN	
4232	their	PRP$	
4233	head	NN	
4234	While	IN	
4235	it	PRP	
4236	would	MD	
4237	represent	VB	
4238	a	DT	
4239	retrenchment	NN	
4240	on	IN	
4241	the	DT	
4242	part	NN	
4243	of	IN	
4244	the	DT	
4245	government	NN	
4246	it	PRP	
4247	does	VBZ	
4248	not	RB	
4249	end	VB	
4250	the	DT	
4251	argument	NN	
4252	over	IN	
4253	the	DT	
4254	dual	JJ	
4255	imperatives	NNS	
4256	of	IN	
4257	security	NN	
4258	and	CC	
4259	individual	JJ	
4260	liberty	NN	
4261	brought	VBD	
4262	to	??	TO
4263	light	NN	
4264	by	IN	
4265	Edward	NNP	
4266	J	NNP	
4267	Snowden	NNP	
4268	a	DT	
4269	former	JJ	
4270	contractor	NN	
4271	for	IN	
4272	the	DT	
4273	National	NNP	
4274	Security	NNP	
4275	Agency	NNP	
4276	The	DT	
4277	expiration	NN	
4278	of	IN	
4279	three	CD	
4280	key	JJ	
4281	provisions	NNS	
4282	of	IN	
4283	the	DT	
4284	Patriot	NNP	
4285	Act	NNP	
4286	means	VBZ	
4287	that	??	IN
4288	for	IN	
4289	now	RB	
4290	the	DT	
4291	NSA	NNP	
4292	will	MD	
4293	no	RB	
4294	longer	RB	
4295	collect	VB	
4296	newly	RB	
4297	created	VBN	
4298	logs	NNS	
4299	of	IN	
4300	Americans	??	NNPS
4301	phone	NN	
4302	calls	NNS	
4303	in	IN	
4304	bulk	NN	
4305	It	PRP	
4306	also	RB	
4307	means	VBZ	
4308	that	IN	
4309	the	DT	
4310	FBI	NNP	
4311	invoke	VB	
4312	the	DT	
4313	Patriot	NNP	
4314	Act	NNP	
4315	to	TO	
4316	obtain	VB	
4317	for	IN	
4318	new	JJ	
4319	investigations	NNS	
4320	wiretap	NN	
4321	orders	NNS	
4322	that	WDT	
4323	follow	VBP	
4324	a	DT	
4325	suspect	NN	
4326	who	WP	
4327	changes	VBZ	
4328	phones	NNS	
4329	wiretap	NN	
4330	orders	NNS	
4331	for	IN	
4332	a	DT	
4333	lone	??	JJ
4334	wolf	NN	
4335	terrorism	NN	
4336	suspect	??	NN
4337	not	RB	
4338	linked	VBN	
4339	to	??	TO
4340	a	DT	
4341	group	NN	
4342	or	CC	
4343	court	NN	
4344	orders	NNS	
4345	to	TO	
4346	obtain	VB	
4347	business	NN	
4348	records	NNS	
4349	relevant	JJ	
4350	to	??	TO
4351	an	DT	
4352	investigation	NN	
4353	The	DT	
4354	Food	NNP	
4355	and	CC	
4356	Drug	NNP	
4357	Administration	NNP	
4358	on	IN	
4359	Tuesday	NNP	
4360	ordered	VBD	
4361	food	NN	
4362	companies	NNS	
4363	to	TO	
4364	phase	VB	
4365	out	RP	
4366	artificial	JJ	
4367	trans	??	JJ
4368	fats	NNS	
4369	calling	VBG	
4370	them	PRP	
4371	a	DT	
4372	threat	NN	
4373	to	??	TO
4374	public	JJ	
4375	health	NN	
4376	Consumers	NNS	
4377	are	VBP	
4378	nt	RB	
4379	likely	JJ	
4380	to	TO	
4381	notice	VB	
4382	much	??	PDT
4383	of	IN	
4384	a	DT	
4385	difference	NN	
4386	in	IN	
4387	their	PRP$	
4388	favorite	JJ	
4389	foods	NNS	
4390	but	CC	
4391	the	DT	
4392	administration	NN	
4393	says	VBZ	
4394	the	DT	
4395	move	NN	
4396	will	MD	
4397	reduce	VB	
4398	coronary	JJ	
4399	heart	NN	
4400	disease	NN	
4401	and	CC	
4402	prevent	??	VBZ
4403	thousands	NNS	
4404	of	IN	
4405	fatal	JJ	
4406	heart	NN	
4407	attacks	??	NNS
4408	every	DT	
4409	year	NN	
4410	Scientists	NNS	
4411	say	VBP	
4412	there	EX	
4413	are	VBP	
4414	no	DT	
4415	health	NN	
4416	benefits	NNS	
4417	to	??	TO
4418	the	DT	
4419	fats	NNS	
4420	which	WDT	
4421	are	VBP	
4422	used	VBN	
4423	in	IN	
4424	processing	??	VBG
4425	food	NN	
4426	and	CC	
4427	in	IN	
4428	restaurants	NNS	
4429	usually	RB	
4430	to	TO	
4431	improve	VB	
4432	texture	NN	
4433	shelf	NN	
4434	life	NN	
4435	or	CC	
4436	flavor	NN	
4437	They	PRP	
4438	can	MD	
4439	raise	VB	
4440	levels	NNS	
4441	of	IN	
4442	bad	??	JJ
4443	cholesterol	NN	
4444	and	CC	
4445	lower	??	VBZ
4446	good	??	JJ
4447	cholesterol	NN	
4448	increasing	VBG	
4449	the	DT	
4450	risk	NN	
4451	of	IN	
4452	heart	NN	
4453	disease	NN	
4454	the	DT	
4455	leading	VBG	
4456	cause	NN	
4457	of	IN	
4458	death	NN	
4459	in	IN	
4460	the	DT	
4461	United	NNP	
4462	States	??	NNPS
4463	The	DT	
4464	fats	NNS	
4465	are	VBP	
4466	created	VBN	
4467	when	WRB	
4468	hydrogen	NN	
4469	is	VBZ	
4470	added	VBN	
4471	to	??	TO
4472	vegetable	NN	
4473	oil	NN	
4474	to	TO	
4475	make	VB	
4476	it	PRP	
4477	more	RBR	
4478	solid	JJ	
4479	which	WDT	
4480	is	VBZ	
4481	why	WRB	
4482	they	PRP	
4483	are	VBP	
4484	often	RB	
4485	called	VBN	
4486	partially	RB	
4487	hydrogenated	??	VBN
4488	oils	NNS	
4489	Once	??	RB
4490	a	DT	
4491	staple	NN	
4492	of	IN	
4493	the	DT	
4494	American	JJ	
4495	diet	NN	
4496	think	VBP	
4497	shortening	??	NN
4498	and	CC	
4499	microwave	NN	
4500	popcorn	NN	
4501	most	??	JJS
4502	artificial	JJ	
4503	trans	??	JJ
4504	fats	NNS	
4505	are	VBP	
4506	already	RB	
4507	gone	VBN	
4508	The	DT	
4509	FDA	NNP	
4510	says	VBZ	
4511	that	IN	
4512	between	IN	
4513	2003	CD	
4514	and	CC	
4515	2012	CD	
4516	people	NNS	
4517	ate	VBD	
4518	about	IN	
4519	78	CD	
4520	percent	NN	
4521	less	JJR	
4522	trans	??	JJ
4523	fat	??	NN
4524	as	IN	
4525	food	NN	
4526	companies	NNS	
4527	began	VBD	
4528	using	VBG	
4529	other	JJ	
4530	kinds	NNS	
4531	of	IN	
4532	oils	NNS	
4533	to	TO	
4534	replace	VB	
4535	them	PRP	
4536	But	CC	
4537	some	DT	
4538	foods	NNS	
4539	still	RB	
4540	have	VBP	
4541	them	PRP	
4542	and	CC	
4543	the	DT	
4544	FDA	NNP	
4545	says	VBZ	
4546	those	DT	
4547	trans	??	JJ
4548	fats	NNS	
4549	remaining	VBG	
4550	in	IN	
4551	the	DT	
4552	food	NN	
4553	supply	NN	
4554	are	VBP	
4555	a	DT	
4556	health	NN	
4557	concern	NN	
4558	In	IN	
4559	a	DT	
4560	day	NN	
4561	of	IN	
4562	protests	NNS	
4563	in	IN	
4564	Egypt	NNP	
4565	hundreds	NNS	
4566	of	IN	
4567	thousands	NNS	
4568	of	IN	
4569	people	NNS	
4570	marched	VBD	
4571	in	IN	
4572	the	DT	
4573	streets	NNS	
4574	on	IN	
4575	January	NNP	
4576	25th	??	NN
4577	facing	VBG	
4578	down	RP	
4579	riot	NN	
4580	police	??	NN
4581	water	NN	
4582	cannons	NNS	
4583	baton	NN	
4584	charges	NNS	
4585	and	CC	
4586	tear	??	JJ
4587	gas	NN	
4588	The	DT	
4589	people	NNS	
4590	are	VBP	
4591	chanting	VBG	
4592	for	IN	
4593	freedom	NN	
4594	and	CC	
4595	an	DT	
4596	end	NN	
4597	to	??	TO
4598	the	DT	
4599	corrupt	JJ	
4600	administration	NN	
4601	of	IN	
4602	Hosni	NNP	
4603	Mubarak	NNP	
4604	who	WP	
4605	has	VBZ	
4606	been	VBN	
4607	in	IN	
4608	power	NN	
4609	for	IN	
4610	30	CD	
4611	years	NNS	
4612	with	IN	
4613	the	DT	
4614	demand	NN	
4615	that	IN	
4616	he	PRP	
4617	join	??	VBZ
4618	the	DT	
4619	Tunisian	JJ	
4620	dictator	NN	
4621	Ben	NNP	
4622	Ali	NNP	
4623	in	IN	
4624	Saudi	NNP	
4625	Arabia	NNP	
4626	By	IN	
4627	the	DT	
4628	Egyptian	JJ	
4629	government	NN	
4630	had	VBD	
4631	blocked	VBN	
4632	Twitter	??	NNP
4633	websites	NNS	
4634	of	IN	
4635	independent	JJ	
4636	newspapers	NNS	
4637	and	CC	
4638	live	??	JJ
4639	streaming	??	VBG
4640	application	NN	
4641	bambuser	NN	
4642	There	EX	
4643	are	VBP	
4644	reports	NNS	
4645	that	IN	
4646	phone	NN	
4647	lines	NNS	
4648	used	VBN	
4649	by	IN	
4650	lawyers	NNS	
4651	and	CC	
4652	activists	NNS	
4653	providing	VBG	
4654	support	NN	
4655	are	VBP	
4656	also	RB	
4657	being	VBG	
4658	suspended	VBN	
4659	and	CC	
4660	many	JJ	
4661	phone	NN	
4662	lines	NNS	
4663	have	VBP	
4664	had	VBN	
4665	data	NNS	
4666	services	NNS	
4667	disabled	JJ	
4668	At	IN	
4669	least	JJS	
4670	six	CD	
4671	protesters	NNS	
4672	were	VBD	
4673	killed	VBN	
4674	with	IN	
4675	some	DT	
4676	reports	NNS	
4677	that	IN	
4678	police	NN	
4679	in	IN	
4680	some	DT	
4681	cities	NNS	
4682	used	??	VBD
4683	live	JJ	
4684	ammunition	NN	
4685	on	IN	
4686	crowds	NNS	
4687	Over	IN	
4688	1000	CD	
4689	protesters	NNS	
4690	have	VBP	
4691	been	VBN	
4692	arrested	VBN	
4693	and	CC	
4694	Egyptian	JJ	
4695	telecoms	NNS	
4696	are	VBP	
4697	attempting	VBG	
4698	to	TO	
4699	block	VB	
4700	access	NN	
4701	to	??	TO
4702	sites	NNS	
4703	where	WRB	
4704	protesters	NNS	
4705	can	MD	
4706	post	VB	
4707	coverage	NN	
4708	While	IN	
4709	few	JJ	
4710	people	NNS	
4711	will	MD	
4712	openly	RB	
4713	admit	VB	
4714	to	??	TO
4715	liking	VBG	
4716	the	DT	
4717	dictatorship	NN	
4718	of	IN	
4719	Mubarak	NNP	
4720	he	PRP	
4721	is	VBZ	
4722	one	CD	
4723	of	IN	
4724	the	DT	
4725	largest	JJS	
4726	recipients	NNS	
4727	of	IN	
4728	US	NNP	
4729	aid	NN	
4730	and	CC	
4731	maintains	VBZ	
4732	his	PRP$	
4733	power	NN	
4734	largely	RB	
4735	because	IN	
4736	of	IN	
4737	the	DT	
4738	US	NNP	
4739	backing	NN	
4740	In	IN	
4741	a	DT	
4742	January	NNP	
4743	27th	??	NN
4744	PBS	NNP	
4745	interview	NN	
4746	Vice	NNP	
4747	President	NNP	
4748	Biden	NNP	
4749	said	VBD	
4750	he	PRP	
4751	would	MD	
4752	not	RB	
4753	refer	VB	
4754	to	??	TO
4755	Egyptian	JJ	
4756	President	NNP	
4757	Mubarak	NNP	
4758	as	IN	
4759	a	DT	
4760	dictator	NN	
4761	and	CC	
4762	instead	RB	
4763	called	VBD	
4764	him	PRP	
4765	an	DT	
4766	ally	??	NN
4767	on	IN	
4768	a	DT	
4769	number	NN	
4770	of	IN	
4771	key	JJ	
4772	foreign	JJ	
4773	policy	NN	
4774	issues	NNS	
4775	This	DT	
4776	year	NN	
4777	Pope	NNP	
4778	Francis	NNP	
4779	brought	VBD	
4780	a	DT	
4781	little	JJ	
4782	something	NN	
4783	extra	JJ	
4784	for	IN	
4785	the	DT	
4786	Curia	NNP	
4787	a	DT	
4788	15point	JJ	
4789	catalog	NN	
4790	of	IN	
4791	spiritual	JJ	
4792	diseases	NNS	
4793	seen	VBN	
4794	among	IN	
4795	leadership	NN	
4796	there	RB	
4797	and	CC	
4798	how	WRB	
4799	a	DT	
4800	little	JJ	
4801	bit	NN	
4802	of	IN	
4803	Christmas	NNP	
4804	spirit	NN	
4805	might	MD	
4806	help	VB	
4807	to	TO	
4808	make	VB	
4809	things	NNS	
4810	better	??	JJR
4811	not	RB	
4812	a	DT	
4813	perfect	JJ	
4814	analogy	NN	
4815	but	CC	
4816	??	NNP	
4817	Christmas	NNP	
4818	greeting	??	NN
4819	Monday	NNP	
4820	was	VBD	
4821	roughly	RB	
4822	the	DT	
4823	equivalent	NN	
4824	of	IN	
4825	a	DT	
4826	CEO	??	NN
4827	sending	VBG	
4828	his	PRP$	
4829	or	CC	
4830	her	PRP$	
4831	top	JJ	
4832	executives	NNS	
4833	off	??	IN
4834	to	??	TO
4835	Christmas	NNP	
4836	vacation	NN	
4837	with	IN	
4838	a	DT	
4839	list	NN	
4840	of	IN	
4841	everything	NN	
4842	they	PRP	
4843	do	VBP	
4844	wrong	??	RB
4845	at	IN	
4846	the	DT	
4847	company	NN	
4848	Merry	??	JJ
4849	Christmas	NNP	
4850	The	DT	
4851	list	NN	
4852	of	IN	
4853	diseases	NNS	
4854	included	??	VBD
4855	spiritual	JJ	
4856	??	??	??
4857	spiritual	??	JJ
4858	petrification	NN	
4859	a	DT	
4860	feeling	NN	
4861	of	IN	
4862	being	VBG	
4863	immortal	JJ	
4864	and	CC	
4865	funereal	??	JJ
4866	face	NN	
4867	a	DT	
4868	concept	NN	
4869	Francis	NNP	
4870	referred	VBD	
4871	to	??	TO
4872	this	DT	
4873	month	NN	
4874	urging	VBG	
4875	followers	NNS	
4876	to	TO	
4877	prepare	VB	
4878	for	IN	
4879	Christmas	NNP	
4880	with	IN	
4881	joy	NN	
4882	instead	RB	
4883	of	IN	
4884	dourness	NN	
4885	or	CC	
4886	anxiety	NN	
4887	The	DT	
4888	pope	NN	
4889	also	RB	
4890	blasted	VBD	
4891	gossiping	VBG	
4892	among	IN	
4893	officials	NNS	
4894	as	IN	
4895	a	DT	
4896	form	NN	
4897	of	IN	
4898	satanic	JJ	
4899	assassination	NN	
4900	He	PRP	
4901	said	VBD	
4902	Sometimes	??	RB
4903	officials	NNS	
4904	of	IN	
4905	the	DT	
4906	Curia	??	NNP
4907	feel	VBP	
4908	themselves	PRP	
4909	lords	NNS	
4910	of	IN	
4911	the	DT	
4912	manor	NN	
4913	superior	JJ	
4914	to	??	TO
4915	everyone	NN	
4916	and	CC	
4917	everything	NN	
4918	Francis	NNP	
4919	hoped	VBD	
4920	that	IN	
4921	the	DT	
4922	Christmas	NNP	
4923	season	NN	
4924	would	MD	
4925	help	VB	
4926	the	DT	
4927	governing	VBG	
4928	body	NN	
4929	to	TO	
4930	heal	VB	
4931	some	DT	
4932	of	IN	
4933	what	WP	
4934	ails	??	VBZ
4935	it	PRP	
4936	The	DT	
4937	Vatican	NNP	
4938	released	VBD	
4939	an	DT	
4940	English	JJ	
4941	version	NN	
4942	of	IN	
4943	the	DT	
4944	list	NN	
4945	Some	DT	
4946	of	IN	
4947	the	DT	
4948	highlights	??	NNS
4949	or	CC	
4950	lowlights	NNS	
4951	depending	VBG	
4952	on	IN	
4953	whether	IN	
4954	you	PRP	
4955	are	VBP	
4956	a	DT	
4957	member	NN	
4958	of	IN	
4959	the	DT	
4960	Curia	NNP	
4961	or	CC	
4962	not	RB	
4963	On	IN	
4964	feeling	NN	
4965	immortal	??	JJ
4966	A	DT	
4967	curia	NN	
4968	that	WDT	
4969	does	VBZ	
4970	not	RB	
4971	practice	??	VBZ
4972	does	VBZ	
4973	not	RB	
4974	keep	VB	
4975	up	RP	
4976	to	??	TO
4977	date	NN	
4978	does	VBZ	
4979	not	RB	
4980	try	VB	
4981	to	TO	
4982	better	??	VBZ
4983	itself	PRP	
4984	is	VBZ	
4985	an	DT	
4986	infirm	??	JJ
4987	Body	??	NNP
4988	Messages	NNS	
4989	in	IN	
4990	support	NN	
4991	of	IN	
4992	members	NNS	
4993	and	CC	
4994	a	DT	
4995	more	RBR	
4996	democratized	??	VBN
4997	University	NNP	
4998	of	IN	
4999	California	NNP	
5000	system	NN	
5001	were	VBD	
5002	displayed	VBN	
5003	as	IN	
5004	individuals	NNS	
5005	held	VBD	
5006	several	JJ	
5007	large	JJ	
5008	colorful	JJ	
5009	puppets	NNS	
5010	Food	??	NNP
5011	was	VBD	
5012	served	VBN	
5013	and	CC	
5014	the	DT	
5015	event	NN	
5016	was	VBD	
5017	dubbed	VBN	
5018	St	NNP	
5019	Precaria	NNP	
5020	s	POS	
5021	Picnic	NNP	
5022	Lecturers	??	NNS
5023	are	VBP	
5024	track	NN	
5025	members	NNS	
5026	They	PRP	
5027	say	VBP	
5028	that	IN	
5029	they	PRP	
5030	are	VBP	
5031	not	RB	
5032	treated	VBN	
5033	like	IN	
5034	professionals	NNS	
5035	even	RB	
5036	though	IN	
5037	they	PRP	
5038	teach	VBP	
5039	classes	NNS	
5040	engage	VB	
5041	in	IN	
5042	writing	??	VBZ
5043	and	CC	
5044	research	NN	
5045	and	CC	
5046	hold	VB	
5047	advanced	??	VBN
5048	degrees	NNS	
5049	from	IN	
5050	top	JJ	
5051	universities	NNS	
5052	Across	IN	
5053	the	DT	
5054	University	NNP	
5055	of	IN	
5056	California	NNP	
5057	system	NN	
5058	about	IN	
5059	of	IN	
5060	all	DT	
5061	classes	NNS	
5062	are	VBP	
5063	taught	VBN	
5064	by	IN	
5065	Lecturers	??	NNS
5066	and	CC	
5067	contingent	JJ	
5068	faculty	NN	
5069	members	NNS	
5070	teach	VBP	
5071	over	IN	
5072	half	NN	
5073	of	IN	
5074	the	DT	
5075	UC	??	NNP
5076	s	POS	
5077	undergraduate	JJ	
5078	credit	NN	
5079	hours	NNS	
5080	in	IN	
5081	total	??	NN
5082	if	IN	
5083	graduate	??	JJ
5084	student	NN	
5085	teachers	NNS	
5086	are	VBP	
5087	included	VBN	
5088	in	IN	
5089	the	DT	
5090	equation	NN	
5091	The	DT	
5092	majority	NN	
5093	of	IN	
5094	Lecturers	??	NNS
5095	are	VBP	
5096	hired	VBN	
5097	or	CC	
5098	as	IN	
5099	temp	??	JJ
5100	workers	NNS	
5101	which	WDT	
5102	leaves	VBZ	
5103	them	PRP	
5104	with	IN	
5105	no	DT	
5106	job	NN	
5107	security	NN	
5108	Additionally	RB	
5109	a	DT	
5110	Lecturer	??	NN
5111	s	POS	
5112	workload	NN	
5113	is	VBZ	
5114	typically	RB	
5115	twice	??	RB
5116	that	??	IN
5117	of	IN	
5118	a	DT	
5119	tenure	NN	
5120	track	NN	
5121	professor	NN	
5122	yet	??	CC
5123	they	PRP	
5124	are	VBP	
5125	paid	VBN	
5126	significantly	RB	
5127	less	RBR	
5128	Many	JJ	
5129	of	IN	
5130	the	DT	
5131	picket	NN	
5132	signs	NNS	
5133	displayed	VBD	
5134	at	IN	
5135	the	DT	
5136	picnic	NN	
5137	communicated	VBN	
5138	around	IN	
5139	the	DT	
5140	theme	NN	
5141	of	IN	
5142	precarity	NN	
5143	One	CD	
5144	such	JJ	
5145	message	NN	
5146	A	DT	
5147	Precarious	JJ	
5148	Faculty	NN	
5149	A	DT	
5150	Precarious	??	NNP
5151	University	NNP	
5152	was	VBD	
5153	emblazoned	VBN	
5154	on	IN	
5155	a	DT	
5156	gold	NN	
5157	flag	NN	
5158	along	IN	
5159	with	IN	
5160	the	DT	
5161	stencil	NN	
5162	of	IN	
5163	a	DT	
5164	fist	NN	
5165	holding	VBG	
5166	a	DT	
5167	pencil	NN	
5168	Precarity	NNP	
5169	has	VBZ	
5170	been	VBN	
5171	defined	VBN	
5172	as	IN	
5173	a	DT	
5174	condition	NN	
5175	of	IN	
5176	instability	NN	
5177	in	IN	
5178	the	DT	
5179	workforce	NN	
5180	created	VBN	
5181	in	IN	
5182	postindustrial	JJ	
5183	societies	NNS	
5184	when	WRB	
5185	management	NN	
5186	seeks	VBZ	
5187	to	TO	
5188	increase	VB	
5189	its	PRP$	
5190	own	JJ	
5191	strength	NN	
5192	by	IN	
5193	limiting	VBG	
5194	job	NN	
5195	opportunities	NNS	
5196	to	??	TO
5197	temporary	JJ	
5198	and	CC	
5199	or	CC	
5200	work	NN	
5201	Carl	NNP	
5202	Krawitt	NNP	
5203	has	VBZ	
5204	watched	VBN	
5205	his	PRP$	
5206	son	NN	
5207	Rhett	NNP	
5208	now	RB	
5209	6	CD	
5210	fight	??	VBZ
5211	leukemia	NN	
5212	for	IN	
5213	the	DT	
5214	past	??	JJ
5215	years	NNS	
5216	For	IN	
5217	more	JJR	
5218	than	IN	
5219	three	CD	
5220	of	IN	
5221	those	DT	
5222	years	NNS	
5223	Rhett	NNP	
5224	has	VBZ	
5225	undergone	VBN	
5226	round	??	NN
5227	after	IN	
5228	round	NN	
5229	of	IN	
5230	chemotherapy	NN	
5231	Last	JJ	
5232	year	NN	
5233	he	PRP	
5234	finished	VBD	
5235	chemotherapy	NN	
5236	and	CC	
5237	doctors	NNS	
5238	say	VBP	
5239	he	PRP	
5240	is	VBZ	
5241	in	IN	
5242	remission	NN	
5243	Now	RB	
5244	there	EX	
5245	s	VBZ	
5246	a	DT	
5247	new	JJ	
5248	threat	NN	
5249	one	CD	
5250	that	??	WDT
5251	the	DT	
5252	family	NN	
5253	should	MD	
5254	not	RB	
5255	have	VB	
5256	to	TO	
5257	worry	VB	
5258	about	IN	
5259	measles	NNS	
5260	Rhett	NNP	
5261	be	VB	
5262	vaccinated	VBN	
5263	because	IN	
5264	his	PRP$	
5265	immune	JJ	
5266	system	NN	
5267	is	VBZ	
5268	still	RB	
5269	rebuilding	VBG	
5270	It	PRP	
5271	may	MD	
5272	be	VB	
5273	months	NNS	
5274	more	??	RBR
5275	before	IN	
5276	his	PRP$	
5277	body	NN	
5278	is	VBZ	
5279	healthy	JJ	
5280	enough	RB	
5281	to	TO	
5282	get	VB	
5283	all	??	DT
5284	his	PRP$	
5285	immunizations	NNS	
5286	Until	IN	
5287	then	RB	
5288	he	PRP	
5289	depends	VBZ	
5290	on	IN	
5291	everyone	NN	
5292	around	IN	
5293	him	PRP	
5294	for	IN	
5295	protection	NN	
5296	what	WP	
5297	s	??	POS
5298	known	VBN	
5299	as	IN	
5300	herd	NN	
5301	immunity	NN	
5302	But	CC	
5303	Rhett	NNP	
5304	lives	VBZ	
5305	in	IN	
5306	Marin	NNP	
5307	County	NNP	
5308	Calif	NNP	
5309	a	DT	
5310	county	NN	
5311	with	IN	
5312	the	DT	
5313	dubious	JJ	
5314	honor	NN	
5315	of	IN	
5316	having	VBG	
5317	the	DT	
5318	highest	JJS	
5319	rate	NN	
5320	of	IN	
5321	personal	JJ	
5322	belief	NN	
5323	exemptions	NNS	
5324	in	IN	
5325	the	DT	
5326	Bay	NNP	
5327	Area	NNP	
5328	and	CC	
5329	among	IN	
5330	the	DT	
5331	highest	JJS	
5332	in	IN	
5333	the	DT	
5334	state	NN	
5335	This	DT	
5336	school	NN	
5337	year	NN	
5338	645	CD	
5339	percent	NN	
5340	of	IN	
5341	children	NNS	
5342	in	IN	
5343	Marin	NNP	
5344	have	VBP	
5345	a	DT	
5346	personal	JJ	
5347	belief	NN	
5348	exemption	NN	
5349	which	WDT	
5350	allows	VBZ	
5351	parents	NNS	
5352	to	TO	
5353	lawfully	RB	
5354	send	VB	
5355	their	PRP$	
5356	children	NNS	
5357	to	??	TO
5358	school	??	NN
5359	unvaccinated	??	JJ
5360	against	IN	
5361	communicable	JJ	
5362	diseases	NNS	
5363	like	IN	
5364	measles	NNS	
5365	polio	??	NN
5366	whooping	JJ	
5367	cough	NN	
5368	and	CC	
5369	more	JJR	
5370	Carl	NNP	
5371	Krawitt	NNP	
5372	has	VBZ	
5373	had	VBN	
5374	just	RB	
5375	about	??	RB
5376	enough	??	DT
5377	It	PRP	
5378	s	VBZ	
5379	very	RB	
5380	emotional	JJ	
5381	for	IN	
5382	me	PRP	
5383	he	PRP	
5384	said	VBD	
5385	If	IN	
5386	you	PRP	
5387	choose	VBP	
5388	not	RB	
5389	to	TO	
5390	immunize	VB	
5391	your	PRP$	
5392	own	JJ	
5393	child	NN	
5394	and	CC	
5395	your	PRP$	
5396	own	JJ	
5397	child	NN	
5398	dies	VBZ	
5399	because	IN	
5400	they	PRP	
5401	get	VBP	
5402	measles	NNS	
5403	OK	??	UH
5404	that	??	IN
5405	s	VBZ	
5406	your	PRP$	
5407	responsibility	NN	
5408	that	DT	
5409	s	VBZ	
5410	your	PRP$	
5411	choice	NN	
5412	But	CC	
5413	if	IN	
5414	your	PRP$	
5415	child	NN	
5416	gets	VBZ	
5417	sick	JJ	
5418	and	CC	
5419	gets	VBZ	
5420	my	PRP$	
5421	child	NN	
5422	sick	JJ	
5423	and	CC	
5424	my	PRP$	
5425	child	NN	
5426	dies	VBZ	
5427	then	RB	
5428	your	PRP$	
5429	action	NN	
5430	has	VBZ	
5431	harmed	VBN	
5432	my	PRP$	
5433	child	NN	
5434	South	NNP	
5435	??	NNP	
5436	startup	??	NN
5437	culture	NN	
5438	has	VBZ	
5439	been	VBN	
5440	gaining	VBG	
5441	more	JJR	
5442	attention	NN	
5443	as	IN	
5444	of	IN	
5445	late	??	NN
5446	According	VBG	
5447	to	??	TO
5448	??	NNP	
5449	Small	??	JJ
5450	and	CC	
5451	Medium	NNP	
5452	Business	NNP	
5453	Administration	NNP	
5454	the	DT	
5455	number	NN	
5456	of	IN	
5457	startups	NNS	
5458	in	IN	
5459	the	DT	
5460	country	NN	
5461	soared	VBD	
5462	to	??	TO
5463	roughly	RB	
5464	30000	CD	
5465	as	IN	
5466	of	IN	
5467	January	NNP	
5468	this	DT	
5469	year	NN	
5470	up	RB	
5471	from	IN	
5472	a	DT	
5473	mere	JJ	
5474	2000	CD	
5475	some	DT	
5476	16	CD	
5477	years	NNS	
5478	ago	RB	
5479	And	CC	
5480	among	IN	
5481	that	DT	
5482	group	NN	
5483	63	CD	
5484	have	VBP	
5485	risen	VBN	
5486	to	??	TO
5487	No	NN	
5488	1	CD	
5489	in	IN	
5490	terms	NNS	
5491	of	IN	
5492	market	NN	
5493	share	NN	
5494	in	IN	
5495	their	PRP$	
5496	respective	JJ	
5497	industries	NNS	
5498	But	CC	
5499	in	IN	
5500	spite	NN	
5501	of	IN	
5502	that	DT	
5503	growth	NN	
5504	and	CC	
5505	the	DT	
5506	??	NN	
5507	ongoing	JJ	
5508	support	NN	
5509	for	IN	
5510	building	VBG	
5511	a	DT	
5512	creative	JJ	
5513	economy	NN	
5514	one	??	NN
5515	that	WDT	
5516	favors	VBZ	
5517	and	CC	
5518	encourages	VBZ	
5519	young	JJ	
5520	entrepreneurship	NN	
5521	??	NNP	
5522	startup	??	NN
5523	culture	NN	
5524	is	VBZ	
5525	not	RB	
5526	as	IN	
5527	advantageous	JJ	
5528	or	CC	
5529	conducive	JJ	
5530	as	IN	
5531	it	PRP	
5532	might	MD	
5533	seem	VB	
5534	While	IN	
5535	many	JJ	
5536	have	VBP	
5537	the	DT	
5538	impression	NN	
5539	the	DT	
5540	country	NN	
5541	s	??	POS
5542	startup	??	NN
5543	landscape	NN	
5544	is	VBZ	
5545	teeming	VBG	
5546	with	IN	
5547	opportunity	NN	
5548	there	EX	
5549	are	VBP	
5550	some	DT	
5551	who	WP	
5552	remain	VBP	
5553	skeptical	JJ	
5554	of	IN	
5555	its	PRP$	
5556	true	JJ	
5557	offerings	NNS	
5558	One	CD	
5559	such	JJ	
5560	entrepreneur	NN	
5561	is	VBZ	
5562	Jae	NNP	
5563	Lee	NNP	
5564	founder	NN	
5565	and	CC	
5566	CEO	??	NN
5567	of	IN	
5568	Movable	NNP	
5569	Ads	??	NNPS
5570	a	DT	
5571	mobile	JJ	
5572	advertising	NN	
5573	application	NN	
5574	that	??	WDT
5575	empowers	??	VBZ
5576	sports	NNS	
5577	fans	NNS	
5578	from	IN	
5579	all	??	RB
5580	over	IN	
5581	the	DT	
5582	world	NN	
5583	to	TO	
5584	engage	VB	
5585	and	CC	
5586	cheer	VB	
5587	on	IN	
5588	their	PRP$	
5589	favorite	JJ	
5590	teams	NNS	
5591	or	CC	
5592	players	NNS	
5593	in	IN	
5594	real	JJ	
5595	time	NN	
5596	The	DT	
5597	company	NN	
5598	has	VBZ	
5599	offices	NNS	
5600	in	IN	
5601	Texas	NNP	
5602	and	CC	
5603	Seoul	NNP	
5604	and	CC	
5605	has	VBZ	
5606	already	RB	
5607	begun	VBN	
5608	to	TO	
5609	expand	VB	
5610	into	IN	
5611	the	DT	
5612	European	JJ	
5613	market	NN	
5614	with	IN	
5615	a	DT	
5616	another	DT	
5617	branch	NN	
5618	in	IN	
5619	Germany	NNP	
5620	The	DT	
5621	TPP	??	NNP
5622	would	MD	
5623	create	VB	
5624	an	DT	
5625	environment	NN	
5626	hostile	??	JJ
5627	to	??	TO
5628	journalists	NNS	
5629	and	CC	
5630	whistleblowers	NNS	
5631	said	VBD	
5632	policy	NN	
5633	directors	NNS	
5634	for	IN	
5635	the	DT	
5636	Electronic	??	NNP
5637	Frontier	NNP	
5638	Foundation	NNP	
5639	and	CC	
5640	Fight	??	NNP
5641	for	IN	
5642	the	DT	
5643	Future	??	NNP
5644	of	IN	
5645	the	DT	
5646	letter	NN	
5647	trade	NN	
5648	secrets	NNS	
5649	provisions	NNS	
5650	could	MD	
5651	make	VB	
5652	it	PRP	
5653	a	DT	
5654	crime	NN	
5655	for	IN	
5656	people	NNS	
5657	to	TO	
5658	reveal	VB	
5659	corporate	JJ	
5660	wrongdoing	NN	
5661	through	IN	
5662	a	DT	
5663	computer	NN	
5664	system	NN	
5665	says	VBZ	
5666	the	DT	
5667	letter	NN	
5668	The	DT	
5669	language	NN	
5670	is	VBZ	
5671	dangerously	RB	
5672	vague	JJ	
5673	and	CC	
5674	enables	VBZ	
5675	signatory	JJ	
5676	countries	NNS	
5677	to	TO	
5678	enact	VB	
5679	rules	NNS	
5680	that	WDT	
5681	would	MD	
5682	ban	VB	
5683	reporting	??	VBZ
5684	on	IN	
5685	timely	JJ	
5686	critical	JJ	
5687	issues	NNS	
5688	affecting	VBG	
5689	the	DT	
5690	public	??	NN
5691	Among	IN	
5692	the	DT	
5693	signatories	NNS	
5694	are	VBP	
5695	activist	??	NN
5696	author	NN	
5697	and	CC	
5698	Guardian	NNP	
5699	tech	NN	
5700	columnist	NN	
5701	Cory	NNP	
5702	Doctorow	NNP	
5703	Democracies	NNS	
5704	make	VBP	
5705	their	PRP$	
5706	laws	NNS	
5707	in	IN	
5708	public	??	NN
5709	not	RB	
5710	in	IN	
5711	rooms	NNS	
5712	Doctorow	NNP	
5713	wrote	VBD	
5714	If	IN	
5715	backers	NNS	
5716	truly	RB	
5717	believed	VBD	
5718	that	IN	
5719	they	PRP	
5720	were	VBD	
5721	doing	VBG	
5722	the	DT	
5723	??	NNS	
5724	work	NN	
5725	have	??	VB
5726	invited	VBN	
5727	the	DT	
5728	people	NNS	
5729	into	IN	
5730	the	DT	
5731	room	NN	
5732	The	DT	
5733	fact	NN	
5734	that	IN	
5735	they	PRP	
5736	went	VBD	
5737	to	??	TO
5738	extreme	JJ	
5739	unprecedented	JJ	
5740	measures	NNS	
5741	to	TO	
5742	stop	VB	
5743	anyone	NN	
5744	from	IN	
5745	finding	VBG	
5746	out	RP	
5747	what	WP	
5748	was	VBD	
5749	going	VBG	
5750	on	??	IN
5751	even	RB	
5752	going	VBG	
5753	so	RB	
5754	far	RB	
5755	as	IN	
5756	to	TO	
5757	threaten	VB	
5758	Congress	NNP	
5759	with	IN	
5760	jail	NN	
5761	if	IN	
5762	they	PRP	
5763	spoke	VBD	
5764	about	IN	
5765	it	PRP	
5766	tells	VBZ	
5767	you	PRP	
5768	that	IN	
5769	this	DT	
5770	is	VBZ	
5771	something	NN	
5772	being	VBG	
5773	done	VBN	
5774	to	??	TO
5775	Americans	NNPS	
5776	not	RB	
5777	for	??	IN
5778	Americans	NNPS	
5779	Also	RB	
5780	on	IN	
5781	the	DT	
5782	list	NN	
5783	were	VBD	
5784	prominent	JJ	
5785	members	NNS	
5786	of	IN	
5787	the	DT	
5788	open	JJ	
5789	source	NN	
5790	community	NN	
5791	including	VBG	
5792	David	NNP	
5793	Heinemeier	NNP	
5794	Hansson	NNP	
5795	creator	NN	
5796	of	IN	
5797	the	DT	
5798	popular	JJ	
5799	Ruby	NNP	
5800	on	IN	
5801	Rails	NNPS	
5802	web	NN	
5803	development	NN	
5804	framework	NN	
5805	image	NN	
5806	hosting	??	VBN
5807	company	NN	
5808	Imgur	NNP	
5809	and	CC	
5810	domain	NN	
5811	name	NN	
5812	manager	NN	
5813	Namecheap	??	NNP
5814	The	DT	
5815	hacking	??	VBN
5816	group	NN	
5817	that	WDT	
5818	calls	VBZ	
5819	itself	PRP	
5820	Anonymous	??	NNP
5821	following	VBG	
5822	through	IN	
5823	on	IN	
5824	a	DT	
5825	video	NN	
5826	threat	NN	
5827	revealed	VBD	
5828	the	DT	
5829	names	NNS	
5830	of	IN	
5831	two	CD	
5832	of	IN	
5833	the	DT	
5834	Vineland	NNP	
5835	NJ	NNP	
5836	officers	NNS	
5837	involved	VBN	
5838	in	IN	
5839	a	DT	
5840	fatal	JJ	
5841	arrest	NN	
5842	last	JJ	
5843	week	NN	
5844	and	CC	
5845	officials	NNS	
5846	confirmed	VBD	
5847	the	DT	
5848	names	NNS	
5849	Tuesday	NNP	
5850	Chief	NNP	
5851	Timothy	NNP	
5852	Codispoti	NNP	
5853	posted	VBD	
5854	recordings	NNS	
5855	of	IN	
5856	the	DT	
5857	911	CD	
5858	call	NN	
5859	and	CC	
5860	police	NN	
5861	dispatches	NNS	
5862	from	IN	
5863	the	DT	
5864	arrest	NN	
5865	of	IN	
5866	Phillip	NNP	
5867	White	NNP	
5868	on	IN	
5869	the	DT	
5870	department	NN	
5871	s	POS	
5872	Facebook	??	NNP
5873	page	NN	
5874	A	DT	
5875	lawyer	NN	
5876	representing	VBG	
5877	the	DT	
5878	three	CD	
5879	officers	NNS	
5880	involved	VBN	
5881	in	IN	
5882	the	DT	
5883	incident	NN	
5884	confirmed	VBD	
5885	their	PRP$	
5886	names	NNS	
5887	as	??	IN
5888	did	VBD	
5889	the	DT	
5890	chief	NN	
5891	who	WP	
5892	was	VBD	
5893	cited	VBN	
5894	by	IN	
5895	NJcom	NNP	
5896	Police	NNS	
5897	used	VBD	
5898	a	DT	
5899	dog	NN	
5900	to	TO	
5901	restrain	VB	
5902	White	NNP	
5903	32	CD	
5904	of	IN	
5905	Vineland	NNP	
5906	after	IN	
5907	they	PRP	
5908	said	VBD	
5909	he	PRP	
5910	tried	VBD	
5911	to	TO	
5912	reach	VB	
5913	for	IN	
5914	one	CD	
5915	of	IN	
5916	the	DT	
5917	officers	NNS	
5918	weapons	NNS	
5919	on	IN	
5920	March	NNP	
5921	31	CD	
5922	White	NNP	
5923	s	POS	
5924	family	NN	
5925	and	CC	
5926	a	DT	
5927	rights	NNS	
5928	activist	NN	
5929	citing	VBG	
5930	witnesses	NNS	
5931	allege	??	VB
5932	that	IN	
5933	the	DT	
5934	officers	NNS	
5935	punched	VBD	
5936	and	CC	
5937	beat	VBD	
5938	White	NNP	
5939	before	IN	
5940	he	PRP	
5941	was	VBD	
5942	placed	VBN	
5943	in	IN	
5944	an	DT	
5945	ambulance	NN	
5946	for	IN	
5947	respiratory	JJ	
5948	distress	NN	
5949	They	PRP	
5950	also	RB	
5951	point	VBP	
5952	to	??	TO
5953	a	DT	
5954	bystander	NN	
5955	s	POS	
5956	cellphone	NN	
5957	video	NN	
5958	which	WDT	
5959	they	PRP	
5960	say	VBP	
5961	shows	??	VBZ
5962	a	DT	
5963	police	NN	
5964	dog	NN	
5965	biting	VBG	
5966	White	NNP	
5967	as	IN	
5968	he	PRP	
5969	lies	VBZ	
5970	on	IN	
5971	the	DT	
5972	ground	NN	
5973	On	IN	
5974	Tuesday	NNP	
5975	the	DT	
5976	names	NNS	
5977	home	NN	
5978	addresses	NNS	
5979	and	CC	
5980	phone	NN	
5981	numbers	NNS	
5982	of	IN	
5983	Officers	??	NNS
5984	Louis	NNP	
5985	Platania	NNP	
5986	and	CC	
5987	Jeffrey	NNP	
5988	Travaline	NNP	
5989	were	VBD	
5990	posted	VBN	
5991	on	IN	
5992	a	DT	
5993	website	NN	
5994	that	WDT	
5995	has	VBZ	
5996	been	VBN	
5997	used	VBN	
5998	by	IN	
5999	Anonymous	??	NNP
6000	hackers	NNS	
6001	Stuart	NNP	
6002	Alterman	NNP	
6003	who	WP	
6004	said	VBD	
6005	he	PRP	
6006	has	VBZ	
6007	been	VBN	
6008	hired	VBN	
6009	by	IN	
6010	the	DT	
6011	police	??	NN
6012	union	NN	
6013	to	TO	
6014	represent	VB	
6015	the	DT	
6016	three	CD	
6017	officers	NNS	
6018	called	VBD	
6019	the	DT	
6020	release	NN	
6021	of	IN	
6022	names	NNS	
6023	by	IN	
6024	Anonymous	??	NNP
6025	unfortunate	??	JJ
6026	saying	VBG	
6027	the	DT	
6028	investigation	NN	
6029	should	MD	
6030	be	VB	
6031	allowed	VBN	
6032	to	TO	
6033	play	VB	
6034	out	RP	
