indexInDoc	indexInText	indexInSentence	sentenceNumber	token	posTag	lemma	nerTag
1	1	1	1	The	OO	the	O
2	2	2	1	justice	NN	justice	O
3	3	3	1	department	NN	department	O
4	4	4	1	indictment	NN	indictment	O
5	5	5	1	shed	VB	shed	O
6	6	6	1	significant	JJ	significant	O
7	7	7	1	light	NN	light	O
8	8	8	1	on	OO	on	O
9	9	9	1	the	OO	the	O
10	10	10	1	hackers	NN	hacker	O
11	11	11	1	'	OO	'	O
12	12	12	1	tradecraft	NN	tradecraft	O
13	13	13	1	.	OO	.	O
14	14	1	2	According	VB	accord	O
15	15	2	2	to	OO	to	O
16	16	3	2	the	OO	the	O
17	17	4	2	indictment	NN	indictment	O
18	18	5	2	,	OO	,	O
19	19	6	2	not	RB	not	O
20	20	7	2	only	RB	only	O
21	21	8	2	did	VB	do	O
22	22	9	2	the	OO	the	O
23	23	10	2	hackers	NN	hacker	O
24	24	11	2	write	VB	write	O
25	25	12	2	authentication	NN	authentication	O
26	26	13	2	cookies	NN	cookie	O
27	27	14	2	for	OO	for	O
28	28	15	2	use	NN	use	O
29	29	16	2	on	OO	on	O
30	30	17	2	their	JJ	they	O
31	31	18	2	own	JJ	own	O
32	32	19	2	computers	NN	computer	O
33	33	20	2	,	OO	,	O
34	34	21	2	they	NN	they	O
35	35	22	2	were	VB	be	O
36	36	23	2	also	RB	also	O
37	37	24	2	able	JJ	able	O
38	38	25	2	to	OO	to	O
39	39	26	2	forge	VB	forge	O
40	40	27	2	cookies	NN	cookie	O
41	41	28	2	,	OO	,	O
42	42	29	2	upload	VB	upload	O
43	43	30	2	them	NN	they	O
44	44	31	2	to	OO	to	O
45	45	32	2	Yahoo	NN	Yahoo	ORGANIZATION
46	46	33	2	's	OO	's	O
47	47	34	2	system	NN	system	O
48	48	35	2	and	OO	and	O
49	49	36	2	push	VB	push	O
50	50	37	2	them	NN	they	O
51	51	38	2	to	OO	to	O
52	52	39	2	individual	JJ	individual	O
53	53	40	2	users	NN	user	O
54	54	41	2	they	NN	they	O
55	55	42	2	wished	VB	wish	O
56	56	43	2	to	OO	to	O
57	57	44	2	target	VB	target	O
58	58	45	2	,	OO	,	O
59	59	46	2	according	VB	accord	O
60	60	47	2	to	OO	to	O
61	61	48	2	the	OO	the	O
62	62	49	2	indictment	NN	indictment	O
63	63	50	2	.	OO	.	O
64	64	1	3	The	OO	the	O
65	65	2	3	issue	NN	issue	O
66	66	3	3	of	OO	of	O
67	67	4	3	capital	NN	capital	O
68	68	5	3	allocation	NN	allocation	O
69	69	6	3	in	OO	in	O
70	70	7	3	a	OO	a	O
71	71	8	3	multivariate	JJ	multivariate	O
72	72	9	3	context	NN	context	O
73	73	10	3	arises	VB	arise	O
74	74	11	3	from	OO	from	O
75	75	12	3	the	OO	the	O
76	76	13	3	presence	NN	presence	O
77	77	14	3	of	OO	of	O
78	78	15	3	dependence	NN	dependence	O
79	79	16	3	between	OO	between	O
80	80	17	3	the	OO	the	O
81	81	18	3	various	JJ	various	O
82	82	19	3	risky	JJ	risky	O
83	83	20	3	activities	NN	activity	O
84	84	21	3	in	OO	in	O
85	85	22	3	Section	NN	section	O
86	86	23	3	2.4.5	OO	2.4.5	NUMBER
87	87	24	3	which	OO	which	O
88	88	25	3	may	VB	may	O
89	89	26	3	generate	VB	generate	O
90	90	27	3	a	OO	a	O
91	91	28	3	diversification	NN	diversification	O
92	92	29	3	effect	NN	effect	O
93	93	30	3	.	OO	.	O
94	94	1	4	The	OO	the	O
95	95	2	4	following	VB	follow	O
96	96	3	4	command	NN	command	O
97	97	4	4	generates	VB	generate	O
98	98	5	4	nlp4j.txt.nlp	NN	nlp4j.txt.nlp	O
99	99	6	4	.	OO	.	O
100	100	1	5	It	NN	it	O
101	101	2	5	uses	VB	use	O
102	102	3	5	config-decode-en.xml	NN	config-decode-en.xml	O
103	103	4	5	.	OO	.	O
104	104	1	6	Capital	NN	Capital	O
105	105	2	6	allocation	NN	allocation	O
106	106	3	6	is	VB	be	O
107	107	4	6	an	OO	a	O
108	108	5	6	internal	JJ	internal	O
109	109	6	6	exercise	NN	exercise	O
110	110	7	6	calculated	VB	calculate	O
111	111	8	6	by	OO	by	O
112	112	9	6	class	NN	class	O
113	113	10	6	method	NN	method	O
114	114	11	6	scr.capital	NN	scr.capital	O
115	115	12	6	(	OO	-lrb-	O
116	116	13	6	)	OO	-rrb-	O
117	117	14	6	,	OO	,	O
118	118	15	6	certainly	RB	certainly	O
119	119	16	6	not	RB	not	O
120	120	17	6	controlled	VB	control	O
121	121	18	6	by	OO	by	O
122	122	19	6	the	OO	the	O
123	123	20	6	first	JJ	first	ORDINAL
124	124	21	6	pillar	NN	pillar	O
125	125	22	6	.	OO	.	O
126	126	1	7	Several	JJ	several	O
127	127	2	7	allocation	NN	allocation	O
128	128	3	7	methods	NN	method	O
129	129	4	7	in	OO	in	O
130	130	5	7	the	OO	the	O
131	131	6	7	literature	NN	literature	O
132	132	7	7	use	NN	use	O
133	133	8	7	w	NN	w	O
134	134	9	7	=	JJ	=	O
135	135	10	7	(	OO	-lrb-	O
136	136	11	7	l1	NN	l1	O
137	137	12	7	[	OO	-lsb-	O
138	138	13	7	i	OO	i	O
139	139	14	7	]	OO	-rsb-	O
140	140	15	7	,	OO	,	O
141	141	16	7	p1	NN	p1	O
142	142	17	7	[	OO	-lsb-	O
143	143	18	7	j	NN	j	O
144	144	19	7	]	OO	-rsb-	O
145	145	20	7	)	OO	-rrb-	O
146	146	21	7	to	OO	to	O
147	147	22	7	initialize	VB	initialize	O
148	148	23	7	the	OO	the	O
149	149	24	7	choice	NN	choice	O
150	150	25	7	of	OO	of	O
151	151	26	7	a	OO	a	O
152	152	27	7	univariate	JJ	univariate	O
153	153	28	7	risk	NN	risk	O
154	154	29	7	measure	NN	measure	O
155	155	30	7	.	OO	.	O
156	156	1	8	The	OO	the	O
157	157	2	8	univeriate	JJ	univeriate	O
158	158	3	8	risk	NN	risk	O
159	159	4	8	measure	NN	measure	O
160	160	5	8	|	OO	|	NUMBER
161	161	6	8	<w>	NN	<w>	O
162	162	7	8	|	NN	|	O
163	163	8	8	can	VB	can	O
164	164	9	8	also	RB	also	O
165	165	10	8	be	VB	be	O
166	166	11	8	used	VB	use	O
167	167	12	8	as	OO	as	O
168	168	13	8	an	OO	a	O
169	169	14	8	allocation	NN	allocation	O
170	170	15	8	principle	NN	principle	O
171	171	16	8	.	OO	.	O
172	172	1	9	The	OO	the	O
173	173	2	9	Shapley	NN	Shapley	PERSON
174	174	3	9	method	NN	method	O
175	175	4	9	of	OO	of	O
176	176	5	9	both	OO	both	O
177	177	6	9	sides	NN	side	O
178	178	7	9	of	OO	of	O
179	179	8	9	Eqs	NN	eq	O
180	180	9	9	.	OO	.	O
181	181	1	10	(	OO	-lrb-	O
182	182	2	10	6	OO	6	NUMBER
183	183	3	10	)	OO	-rrb-	O
184	184	4	10	--	OO	--	O
185	185	5	10	(	OO	-lrb-	O
186	186	6	10	14	OO	14	NUMBER
187	187	7	10	)	OO	-rrb-	O
188	188	8	10	is	VB	be	O
189	189	9	10	based	VB	base	O
190	190	10	10	on	OO	on	O
191	191	11	10	cooperative	JJ	cooperative	O
192	192	12	10	game	NN	game	O
193	193	13	10	theory	NN	theory	O
194	194	14	10	.	OO	.	O
195	195	1	11	We	NN	we	O
196	196	2	11	found	VB	find	O
197	197	3	11	that	OO	that	O
198	198	4	11	the	OO	the	O
199	199	5	11	model	NN	model	O
200	200	6	11	Mw	NN	mw	O
201	201	7	11	,	OO	,	O
202	202	8	11	x	NN	x	O
203	203	9	11	=	JJ	=	O
204	204	10	11	wx	NN	wx	O
205	205	11	11	^	NN	^	O
206	206	12	11	1.2	OO	1.2	NUMBER
207	207	13	11	approximated	VB	approximate	O
208	208	14	11	the	OO	the	O
209	209	15	11	system	NN	system	O
210	210	16	11	's	OO	's	O
211	211	17	11	behavior	NN	behavior	O
212	212	18	11	adequately	RB	adequately	O
213	213	19	11	.	OO	.	O
214	214	1	12	Dr.	NN	Dr.	O
215	215	2	12	Denault	NN	Denault	PERSON
216	216	3	12	proved	VB	prove	O
217	217	4	12	that	OO	that	O
218	218	5	12	this	OO	this	O
219	219	6	12	method	NN	method	O
220	220	7	12	,	OO	,	O
221	221	8	12	originally	RB	originally	O
222	222	9	12	used	VB	use	O
223	223	10	12	to	OO	to	O
224	224	11	12	allocate	VB	allocate	O
225	225	12	12	the	OO	the	O
226	226	13	12	total	JJ	total	O
227	227	14	12	cost	NN	cost	O
228	228	15	12	between	OO	between	O
229	229	16	12	players	NN	player	O
230	230	17	12	in	OO	in	O
231	231	18	12	coalitional	JJ	coalitional	O
232	232	19	12	games	NN	game	O
233	233	20	12	context	NN	context	O
234	234	21	12	,	OO	,	O
235	235	22	12	can	VB	can	O
236	236	23	12	be	VB	be	O
237	237	24	12	easily	RB	easily	O
238	238	25	12	adapted	VB	adapt	O
239	239	26	12	.	OO	.	O
240	240	1	13	The	OO	the	O
241	241	2	13	case	NN	case	O
242	242	3	13	of	OO	of	O
243	243	4	13	insurance	NN	insurance	O
244	244	5	13	groups	NN	group	O
245	245	6	13	,	OO	,	O
246	246	7	13	stated	VB	state	O
247	247	8	13	in	OO	in	O
248	248	9	13	Tab	NN	Tab	O
249	249	10	13	.	OO	.	O
250	250	1	14	2	OO	2	NUMBER
251	251	2	14	,	OO	,	O
252	252	3	14	requires	VB	require	O
253	253	4	14	special	JJ	special	O
254	254	5	14	treatment	NN	treatment	O
255	255	6	14	.	OO	.	O
256	256	1	15	The	OO	the	O
257	257	2	15	literature	NN	literature	O
258	258	3	15	on	OO	on	O
259	259	4	15	the	OO	the	O
260	260	5	15	subject	NN	subject	O
261	261	6	15	of	OO	of	O
262	262	7	15	capital	NN	capital	O
263	263	8	15	allocation	NN	allocation	O
264	264	9	15	methods	NN	method	O
265	265	10	15	is	VB	be	O
266	266	11	15	very	RB	very	O
267	267	12	15	rich	JJ	rich	O
268	268	13	15	for	OO	for	O
269	269	14	15	every	OO	every	O
270	270	15	15	even	RB	even	O
271	271	16	15	publication	NN	publication	O
272	272	17	15	year	NN	year	DATE
273	273	18	15	2008	OO	2008	DATE
274	274	19	15	,	OO	,	O
275	275	20	15	2010	OO	2010	DATE
276	276	21	15	,	OO	,	O
277	277	22	15	2012	OO	2012	DATE
278	278	23	15	,	OO	,	O
279	279	24	15	2014	OO	2014	DATE
280	280	25	15	etc.	NN	etc.	O
281	281	26	15	.	OO	.	O
282	282	1	16	Several	JJ	several	O
283	283	2	16	principles	NN	principle	O
284	284	3	16	have	VB	have	O
285	285	4	16	been	VB	be	O
286	286	5	16	proposed	VB	propose	O
287	287	6	16	later	RB	later	O
288	288	7	16	than	OO	than	O
289	289	8	16	the	OO	the	O
290	290	9	16	deadline	NN	deadline	O
291	291	10	16	of	OO	of	O
292	292	11	16	6	OO	6	TIME
293	293	12	16	p.m.	RB	p.m.	TIME
294	294	13	16	over	OO	over	DATE
295	295	14	16	the	OO	the	DATE
296	296	15	16	last	JJ	last	DATE
297	297	16	16	twenty	OO	twenty	DATE
298	298	17	16	years	NN	year	DATE
299	299	18	16	.	OO	.	O
300	300	1	17	In	OO	in	O
301	301	2	17	this	OO	this	O
302	302	3	17	context	NN	context	O
303	303	4	17	,	OO	,	O
304	304	5	17	i.e.	OO	i.e.	O
305	305	6	17	SCR	OO	scr	O
306	306	7	17	calculations	NN	calculation	O
307	307	8	17	,	OO	,	O
308	308	9	17	a	OO	a	O
309	309	10	17	multi-variate	JJ	multi-variate	O
310	310	11	17	analysis	NN	analysis	O
311	311	12	17	was	VB	be	O
312	312	13	17	defined	VB	define	O
313	313	14	17	.	OO	.	O
314	314	1	18	They	NN	they	O
315	315	2	18	are	VB	be	O
316	316	3	18	based	VB	base	O
317	317	4	18	on	OO	on	O
318	318	5	18	a	OO	a	O
319	319	6	18	strengthening	NN	strengthening	O
320	320	7	18	of	OO	of	O
321	321	8	18	risk	NN	risk	O
322	322	9	18	control	NN	control	O
323	323	10	18	and	OO	and	O
324	324	11	18	minimization	NN	minimization	O
325	325	12	18	of	OO	of	O
326	326	13	18	a	OO	a	O
327	327	14	18	ruin	VB	ruin	O
328	328	15	18	probability	NN	probability	O
329	329	16	18	,	OO	,	O
330	330	17	18	Boolean	NN	Boolean	O
331	331	18	18	et	OO	et	O
332	332	19	18	al.	OO	al.	O
333	333	20	18	first	RB	first	ORDINAL
334	334	21	18	introduced	VB	introduce	O
335	335	22	18	this	OO	this	O
336	336	23	18	method	NN	method	O
337	337	24	18	.	OO	.	O
338	338	1	19	St.	NN	St.	O
339	339	2	19	Francis	NN	Francis	PERSON
340	340	3	19	began	VB	begin	O
341	341	4	19	selling	VB	sell	O
342	342	5	19	commodities	NN	commodity	O
343	343	6	19	on	OO	on	O
344	344	7	19	three	OO	three	NUMBER
345	345	8	19	different	JJ	different	O
346	346	9	19	exchanges	NN	exchange	O
347	347	10	19	in	OO	in	O
348	348	11	19	the	OO	the	DATE
349	349	12	19	same	JJ	same	DATE
350	350	13	19	year	NN	year	DATE
351	351	14	19	.	OO	.	O
352	352	1	20	However	RB	however	O
353	353	2	20	,	OO	,	O
354	354	3	20	we	NN	we	O
355	355	4	20	were	VB	be	O
356	356	5	20	n't	RB	not	O
357	357	6	20	able	JJ	able	O
358	358	7	20	to	OO	to	O
359	359	8	20	reach	VB	reach	O
360	360	9	20	Profs.	NN	Profs.	O
361	361	10	20	Kowalski	NN	Kowalski	PERSON
362	362	11	20	or	OO	or	O
363	363	12	20	Gambel	NN	Gambel	O
364	364	13	20	for	OO	for	O
365	365	14	20	comment	NN	comment	O
366	366	15	20	.	OO	.	O
367	367	1	21	The	OO	the	O
368	368	2	21	rusty	JJ	rusty	O
369	369	3	21	vehicle	NN	vehicle	O
370	370	4	21	sped	VB	speed	O
371	371	5	21	around	OO	around	O
372	372	6	21	the	OO	the	O
373	373	7	21	corner	NN	corner	O
374	374	8	21	on	OO	on	O
375	375	9	21	Bragg	NN	Bragg	LOCATION
376	376	10	21	Blvd.	NN	Blvd.	LOCATION
377	377	11	21	,	OO	,	O
378	378	12	21	followed	VB	follow	O
379	379	13	21	closely	RB	closely	O
380	380	14	21	by	OO	by	O
381	381	15	21	a	OO	a	O
382	382	16	21	squad	NN	squad	O
383	383	17	21	of	OO	of	O
384	384	18	21	paratroopers	NN	paratrooper	O
385	385	19	21	.	OO	.	O
386	386	1	22	On	OO	on	O
387	387	2	22	Jan.	NN	Jan.	DATE
388	388	3	22	25th	JJ	25th	DATE
389	389	4	22	,	OO	,	DATE
390	390	5	22	2016	OO	2016	DATE
391	391	6	22	,	OO	,	O
392	392	7	22	the	OO	the	O
393	393	8	22	deputy	NN	deputy	O
394	394	9	22	commander	NN	commander	O
395	395	10	22	of	OO	of	O
396	396	11	22	USFK	NN	usfk	ORGANIZATION
397	397	12	22	made	VB	make	O
398	398	13	22	a	OO	a	O
399	399	14	22	statement	NN	statement	O
400	400	15	22	pertaining	VB	pertain	O
401	401	16	22	to	OO	to	O
402	402	17	22	aerial	JJ	aerial	O
403	403	18	22	shows	NN	show	O
404	404	19	22	of	OO	of	O
405	405	20	22	force	NN	force	O
406	406	21	22	.	OO	.	O
407	407	1	23	``	OO	``	O
408	408	2	23	The	OO	the	O
409	409	3	23	1st	JJ	1st	ORDINAL
410	410	4	23	Gen.	NN	Gen.	O
411	411	5	23	Dreamcast	NN	Dreamcast	PERSON
412	412	6	23	was	VB	be	O
413	413	7	23	a	OO	a	O
414	414	8	23	pinnacle	JJ	pinnacle	O
415	415	9	23	achievement	NN	achievement	O
416	416	10	23	in	OO	in	O
417	417	11	23	computer	NN	computer	O
418	418	12	23	engineering	NN	engineering	O
419	419	13	23	,	OO	,	O
420	420	14	23	''	OO	''	O
421	421	15	23	said	VB	say	O
422	422	16	23	John	NN	John	PERSON
423	423	17	23	Stevens	NN	Stevens	PERSON
424	424	18	23	.	OO	.	O
425	425	1	24	To	OO	to	O
426	426	2	24	be	VB	be	O
427	427	3	24	clear	JJ	clear	O
428	428	4	24	,	OO	,	O
429	429	5	24	that	OO	that	O
430	430	6	24	's	VB	be	O
431	431	7	24	John	NN	John	PERSON
432	432	8	24	M.	NN	M.	PERSON
433	433	9	24	Stevens	NN	Stevens	PERSON
434	434	10	24	.	OO	.	O
435	435	1	25	The	OO	the	O
436	436	2	25	coherence	NN	coherence	O
437	437	3	25	of	OO	of	O
438	438	4	25	the	OO	the	O
439	439	5	25	allocation	NN	allocation	O
440	440	6	25	method	NN	method	O
441	441	7	25	for	OO	for	O
442	442	8	25	Pickens	NN	Pickens	LOCATION
443	443	9	25	County	NN	County	LOCATION
444	444	10	25	,	OO	,	O
445	445	11	25	S.C.	NN	S.C.	LOCATION
446	446	12	25	depends	VB	depend	O
447	447	13	25	on	OO	on	O
448	448	14	25	the	OO	the	O
449	449	15	25	properties	NN	property	O
450	450	16	25	of	OO	of	O
451	451	17	25	the	OO	the	O
452	452	18	25	selected	VB	select	O
453	453	19	25	risk	NN	risk	O
454	454	20	25	measure	NN	measure	O
455	455	21	25	.	OO	.	O
456	456	1	26	Star	NN	Star	O
457	457	2	26	Wars	NN	Wars	O
458	458	3	26	:	OO	:	O
459	459	4	26	Episode	NN	Episode	O
460	460	5	26	VII	NN	VII	O
461	461	6	26	-	OO	-	O
462	462	7	26	The	NN	The	O
463	463	8	26	Force	NN	Force	O
464	464	9	26	Awakens	NN	Awakens	O
465	465	10	26	is	VB	be	O
466	466	11	26	a	OO	a	O
467	467	12	26	2015	OO	2015	DATE
468	468	13	26	American	JJ	american	MISC
469	469	14	26	epic	NN	epic	O
470	470	15	26	space	NN	space	O
471	471	16	26	opera	NN	opera	O
472	472	17	26	film	NN	film	O
473	473	18	26	directed	VB	direct	O
474	474	19	26	,	OO	,	O
475	475	20	26	co-produced	JJ	co-produced	O
476	476	21	26	,	OO	,	O
477	477	22	26	and	OO	and	O
478	478	23	26	co-written	NN	co-written	O
479	479	24	26	by	OO	by	O
480	480	25	26	J.	NN	J.	PERSON
481	481	26	26	J.	NN	J.	PERSON
482	482	27	26	Abrams	NN	Abrams	PERSON
483	483	28	26	.	OO	.	O
484	484	1	27	Did	VB	do	O
485	485	2	27	you	NN	you	O
486	486	3	27	enjoy	VB	enjoy	O
487	487	4	27	living	VB	live	O
488	488	5	27	in	OO	in	O
489	489	6	27	Washington	NN	Washington	LOCATION
490	490	7	27	,	OO	,	O
491	491	8	27	D.C.	NN	D.C.	LOCATION
492	492	9	27	?	OO	?	O
493	493	1	28	Substituting	VB	substitute	O
494	494	2	28	w/o	NN	w/o	O
495	495	3	28	for	OO	for	O
496	496	4	28	without	OO	without	O
497	497	5	28	,	OO	,	O
498	498	6	28	for	OO	for	O
499	499	7	28	example	NN	example	O
500	500	8	28	,	OO	,	O
501	501	9	28	can	VB	can	O
502	502	10	28	save	VB	save	O
503	503	11	28	valuable	JJ	valuable	O
504	504	12	28	time	NN	time	O
505	505	13	28	and	OO	and	O
506	506	14	28	space	NN	space	O
507	507	15	28	.	OO	.	O
508	508	1	29	A	OO	a	O
509	509	2	29	choices	NN	choice	O
510	510	3	29	of	OO	of	O
511	511	4	29	a	OO	a	O
512	512	5	29	dependence	NN	dependence	O
513	513	6	29	model	NN	model	O
514	514	7	29	(	OO	-lrb-	O
515	515	8	29	for	OO	for	O
516	516	9	29	more	JJ	more	O
517	517	10	29	details	NN	detail	O
518	518	11	29	see	VB	see	O
519	519	12	29	Fig.	NN	fig.	O
520	520	13	29	4	OO	4	NUMBER
521	521	14	29	)	OO	-rrb-	O
522	522	15	29	between	OO	between	O
523	523	16	29	different	JJ	different	O
524	524	17	29	risks	NN	risk	O
525	525	18	29	and	OO	and	O
526	526	19	29	of	OO	of	O
527	527	20	29	an	OO	a	O
528	528	21	29	aggregation	NN	aggregation	O
529	529	22	29	methodology	NN	methodology	O
530	530	23	29	are	VB	be	O
531	531	24	29	both	OO	both	O
532	532	25	29	required	VB	require	O
533	533	26	29	.	OO	.	O
534	534	1	30	Two	OO	two	NUMBER
535	535	2	30	papers	NN	papers	O
536	536	3	30	by	OO	by	O
537	537	4	30	Mr.	NN	Mr.	O
538	538	5	30	Tasche	NN	Tasche	PERSON
539	539	6	30	and	OO	and	O
540	540	7	30	Mrs.	NN	Mrs.	O
541	541	8	30	deWry	NN	deWry	O
542	542	9	30	followed	VB	follow	O
543	543	10	30	by	OO	by	O
544	544	11	30	Drs.	NN	Drs.	O
545	545	12	30	dePaul	NN	dePaul	ORGANIZATION
546	546	13	30	&	OO	&	ORGANIZATION
547	547	14	30	Jones	NN	Jones	ORGANIZATION
548	548	15	30	co.	NN	co.	ORGANIZATION
549	549	16	30	devoted	JJ	devoted	O
550	550	17	30	two	OO	two	NUMBER
551	551	18	30	papers	NN	papers	O
552	552	19	30	to	OO	to	O
553	553	20	30	describe	VB	describe	O
554	554	21	30	Euler-MacIntosh	NN	Euler-MacIntosh	PERSON
555	555	22	30	's	OO	's	O
556	556	23	30	method	NN	method	O
557	557	24	30	.	OO	.	O
558	558	1	31	Please	VB	please	O
559	559	2	31	send	VB	send	O
560	560	3	31	a	OO	a	O
561	561	4	31	bar	NN	bar	O
562	562	5	31	of	OO	of	O
563	563	6	31	pure	JJ	pure	O
564	564	7	31	chocolate	NN	chocolate	O
565	565	8	31	to	OO	to	O
566	566	9	31	100	OO	100	NUMBER
567	567	10	31	Springview	NN	Springview	LOCATION
568	568	11	31	Drive	NN	Drive	LOCATION
569	569	12	31	by	OO	by	O
570	570	13	31	Mar.	NN	Mar.	DATE
571	571	14	31	.	OO	.	O
572	572	1	32	It	NN	it	O
573	573	2	32	is	VB	be	O
574	574	3	32	used	VB	use	O
575	575	4	32	as	OO	as	O
576	576	5	32	a	OO	a	O
577	577	6	32	designation	NN	designation	O
578	578	7	32	for	OO	for	O
579	579	8	32	a	OO	a	O
580	580	9	32	person	NN	person	O
581	581	10	32	who	NN	who	O
582	582	11	32	has	VB	have	O
583	583	12	32	obtained	VB	obtain	O
584	584	13	32	a	OO	a	O
585	585	14	32	Research	NN	research	O
586	586	15	32	Doctorate	NN	doctorate	O
587	587	16	32	(	OO	-lrb-	O
588	588	17	32	i.e.	OO	i.e.	O
589	589	18	32	Ph.D.	NN	ph.d.	O
590	590	19	32	,	OO	,	O
591	591	20	32	Ed.D	NN	ed.d	O
592	592	21	32	)	OO	-rrb-	O
593	593	22	32	.	OO	.	O
594	594	1	33	He	NN	he	O
595	595	2	33	tweeted	VB	tweet	O
596	596	3	33	from	OO	from	O
597	597	4	33	near	OO	near	O
598	598	5	33	the	OO	the	O
599	599	6	33	U.S.-Mexican	JJ	u.s.-mexican	MISC
600	600	7	33	border	NN	border	O
601	601	8	33	.	OO	.	O
602	602	1	34	Netwhatevers	NN	Netwhatevers	ORGANIZATION
603	603	2	34	,	OO	,	ORGANIZATION
604	604	3	34	Inc.	NN	Inc.	ORGANIZATION
605	605	4	34	stocks	NN	stock	O
606	606	5	34	are	VB	be	O
607	607	6	34	in	OO	in	O
608	608	7	34	a	OO	a	O
609	609	8	34	drastic	JJ	drastic	O
610	610	9	34	slump	NN	slump	O
611	611	10	34	according	VB	accord	O
612	612	11	34	to	OO	to	O
613	613	12	34	recent	JJ	recent	O
614	614	13	34	reportings	NN	reporting	O
615	615	14	34	.	OO	.	O
616	616	1	35	West	NN	West	O
617	617	2	35	's	OO	's	O
618	618	3	35	``	OO	``	O
619	619	4	35	Father	NN	Father	O
620	620	5	35	Stretch	NN	Stretch	O
621	621	6	35	My	JJ	my	O
622	622	7	35	Hands	NN	hand	O
623	623	8	35	(	OO	-lrb-	O
624	624	9	35	Pt	NN	pt	O
625	625	10	35	.	OO	.	O
626	626	1	36	1	OO	1	NUMBER
627	627	2	36	)	OO	-rrb-	O
628	628	3	36	''	OO	''	O
629	629	4	36	inspired	VB	inspire	O
630	630	5	36	the	OO	the	O
631	631	6	36	best	JJ	best	O
632	632	7	36	meme	NN	meme	O
633	633	8	36	of	OO	of	O
634	634	9	36	the	OO	the	DATE
635	635	10	36	year	NN	year	DATE
636	636	11	36	so	RB	so	O
637	637	12	36	far	RB	far	O
638	638	13	36	.	OO	.	O
639	639	1	37	The	OO	the	O
640	640	2	37	Millennials	NN	Millennials	O
641	641	3	37	(	OO	-lrb-	O
642	642	4	37	born	VB	bear	O
643	643	5	37	c.	NN	c.	O
644	644	6	37	1981-2000	OO	1981-2000	DURATION
645	645	7	37	)	OO	-rrb-	O
646	646	8	37	having	VB	have	O
647	647	9	37	been	VB	be	O
648	648	10	37	born	VB	bear	O
649	649	11	37	before	OO	before	O
650	650	12	37	the	OO	the	O
651	651	13	37	turn	NN	turn	O
652	652	14	37	of	OO	of	O
653	653	15	37	the	OO	the	DATE
654	654	16	37	century	NN	century	DATE
655	655	17	37	give	VB	give	O
656	656	18	37	way	NN	way	O
657	657	19	37	to	OO	to	O
658	658	20	37	the	OO	the	O
659	659	21	37	rise	NN	rise	O
660	660	22	37	of	OO	of	O
661	661	23	37	Generation	NN	Generation	ORGANIZATION
662	662	24	37	Y	NN	y	ORGANIZATION
663	663	25	37	&	OO	&	ORGANIZATION
664	664	26	37	Generation	NN	Generation	ORGANIZATION
665	665	27	37	Z	NN	z	ORGANIZATION
666	666	28	37	in	OO	in	O
667	667	29	37	Western	JJ	western	MISC
668	668	30	37	countries	NN	country	O
669	669	31	37	.	OO	.	O
670	670	1	38	The	OO	the	O
671	671	2	38	Journal	NN	Journal	O
672	672	3	38	of	OO	of	O
673	673	4	38	Asian	NN	Asian	O
674	674	5	38	and	OO	and	O
675	675	6	38	African	NN	African	O
676	676	7	38	Studies	NN	study	O
677	677	8	38	(	OO	-lrb-	O
678	678	9	38	J.	NN	J.	O
679	679	10	38	Asian	NN	Asian	O
680	680	11	38	Afr	NN	Afr	O
681	681	12	38	.	OO	.	O
682	682	1	39	Std	NN	Std	O
683	683	2	39	.	OO	.	O
684	684	3	39	)	OO	-rrb-	O
685	685	1	40	is	VB	be	O
686	686	2	40	a	OO	a	O
687	687	3	40	bimonthly	JJ	bimonthly	SET
688	688	4	40	peer-reviewed	JJ	peer-reviewed	O
689	689	5	40	academic	JJ	academic	O
690	690	6	40	journal	NN	journal	O
691	691	7	40	that	OO	that	O
692	692	8	40	covers	VB	cover	O
693	693	9	40	research	NN	research	O
694	694	10	40	in	OO	in	O
695	695	11	40	the	OO	the	O
696	696	12	40	fields	NN	field	O
697	697	13	40	of	OO	of	O
698	698	14	40	Asian	JJ	asian	MISC
699	699	15	40	and	OO	and	O
700	700	16	40	African	JJ	african	MISC
701	701	17	40	studies	NN	study	O
702	702	18	40	.	OO	.	O
703	703	1	41	The	OO	the	O
704	704	2	41	same	JJ	same	O
705	705	3	41	goes	VB	go	O
706	706	4	41	for	OO	for	O
707	707	5	41	eə	NN	eə	O
708	708	6	41	vs.	OO	vs.	O
709	709	7	41	ɛə	NN	ɛə	O
710	710	8	41	.	OO	.	O
711	711	1	42	This	OO	this	O
712	712	2	42	displaced	VB	displace	O
713	713	3	42	the	OO	the	O
714	714	4	42	existing	VB	exist	O
715	715	5	42	Doctor	NN	doctor	O
716	716	6	42	of	OO	of	O
717	717	7	42	Philosophy	NN	philosophy	O
718	718	8	42	degree	NN	degree	O
719	719	9	42	in	OO	in	O
720	720	10	42	some	OO	some	O
721	721	11	42	Universities	NN	university	O
722	722	12	42	;	OO	;	O
723	723	13	42	for	OO	for	O
724	724	14	42	instance	NN	instance	O
725	725	15	42	,	OO	,	O
726	726	16	42	the	OO	the	O
727	727	17	42	higher	JJ	higher	O
728	728	18	42	doctorate	NN	doctorate	O
729	729	19	42	in	OO	in	O
730	730	20	42	the	OO	the	O
731	731	21	42	faculty	NN	faculty	O
732	732	22	42	of	OO	of	O
733	733	23	42	philosophy	NN	philosophy	O
734	734	24	42	at	OO	at	O
735	735	25	42	the	OO	the	O
736	736	26	42	University	NN	University	ORGANIZATION
737	737	27	42	of	OO	of	ORGANIZATION
738	738	28	42	St	NN	St	ORGANIZATION
739	739	29	42	Andrews	NN	Andrews	ORGANIZATION
740	740	30	42	was	VB	be	O
741	741	31	42	discontinued	VB	discontinue	O
742	742	32	42	and	OO	and	O
743	743	33	42	replaced	VB	replace	O
744	744	34	42	with	OO	with	O
745	745	35	42	the	OO	the	O
746	746	36	42	Ph.D.	NN	Ph.D.	O
747	747	37	42	(	OO	-lrb-	O
748	748	38	42	research	NN	research	O
749	749	39	42	doctorate	NN	doctorate	O
750	750	40	42	)	OO	-rrb-	O
751	751	41	42	.	OO	.	O
752	752	1	43	Both	OO	both	O
753	753	2	43	Mrs.	NN	Mrs.	O
754	754	3	43	(	OO	-lrb-	O
755	755	4	43	for	OO	for	O
756	756	5	43	married	VB	marry	O
757	757	6	43	)	OO	-rrb-	O
758	758	7	43	and	OO	and	O
759	759	8	43	Miss	NN	Miss	O
760	760	9	43	(	OO	-lrb-	O
761	761	10	43	for	OO	for	O
762	762	11	43	unmarried	JJ	unmarried	O
763	763	12	43	)	OO	-rrb-	O
764	764	13	43	were	VB	be	O
765	765	14	43	originally	RB	originally	O
766	766	15	43	contractions	NN	contraction	O
767	767	16	43	of	OO	of	O
768	768	17	43	Mistress	NN	Mistress	O
769	769	18	43	.	OO	.	O
770	770	1	44	Others	NN	other	O
771	771	2	44	are	VB	be	O
772	772	3	44	based	VB	base	O
773	773	4	44	on	OO	on	O
774	774	5	44	optimizing	VB	optimize	O
775	775	6	44	a	OO	a	O
776	776	7	44	multivariate	JJ	multivariate	O
777	777	8	44	ruin	VB	ruin	O
778	778	9	44	probability	NN	probability	O
779	779	10	44	or	OO	or	O
780	780	11	44	some	OO	some	O
781	781	12	44	multivariate	JJ	multivariate	O
782	782	13	44	risk	NN	risk	O
783	783	14	44	indicators	NN	indicator	O
784	784	15	44	.	OO	.	O
785	785	1	45	[	OO	-lsb-	O
786	786	2	45	2,4,7,23	OO	2,4,7,23	NUMBER
787	787	3	45	]	OO	-rsb-	O
788	788	4	45	In	OO	in	O
789	789	5	45	this	OO	this	O
790	790	6	45	paper	NN	paper	O
791	791	7	45	,	OO	,	O
792	792	8	45	we	NN	we	O
793	793	9	45	focus	VB	focus	O
794	794	10	45	on	OO	on	O
795	795	11	45	the	OO	the	O
796	796	12	45	work	NN	work	O
797	797	13	45	of	OO	of	O
798	798	14	45	Garfield	NN	Garfield	PERSON
799	799	15	45	(	OO	-lrb-	O
800	800	16	45	e.g.	OO	e.g.	O
801	801	17	45	,	OO	,	O
802	802	18	45	1955	OO	1955	DATE
803	803	19	45	)	OO	-rrb-	O
804	804	20	45	as	OO	as	O
805	805	21	45	an	OO	a	O
806	806	22	45	allocation	NN	allocation	O
807	807	23	45	technique	NN	technique	O
808	808	24	45	by	OO	by	O
809	809	25	45	minimizing	VB	minimize	O
810	810	26	45	some	OO	some	O
811	811	27	45	risk	NN	risk	O
812	812	28	45	indicators	NN	indicator	O
813	813	29	45	.	OO	.	O
814	814	1	46	In	OO	in	O
815	815	2	46	the	OO	the	O
816	816	3	46	prescribed	VB	prescribe	O
817	817	4	46	Standard	NN	Standard	ORGANIZATION
818	818	5	46	Formula	NN	Formula	ORGANIZATION
819	819	6	46	by	OO	by	O
820	820	7	46	Tobin	NN	Tobin	PERSON
821	821	8	46	's	OO	's	O
822	822	9	46	q	NN	q	O
823	823	10	46	(	OO	-lrb-	O
824	824	11	46	Bitzer	NN	bitzer	PERSON
825	825	12	46	,	OO	,	O
826	826	13	46	2005	OO	2005	DATE
827	827	14	46	;	OO	;	O
828	828	15	46	Deng	NN	Deng	PERSON
829	829	16	46	,	OO	,	O
830	830	17	46	2007	OO	2007	DATE
831	831	18	46	)	OO	-rrb-	O
832	832	19	46	,	OO	,	O
833	833	20	46	risks	NN	risk	O
834	834	21	46	aggregation	NN	aggregation	O
835	835	22	46	is	VB	be	O
836	836	23	46	done	VB	do	O
837	837	24	46	using	VB	use	O
838	838	25	46	correlation	NN	correlation	O
839	839	26	46	matrices	NN	matrix	O
840	840	27	46	that	OO	that	O
841	841	28	46	connect	VB	connect	O
842	842	29	46	families	NN	family	O
843	843	30	46	and	OO	and	O
844	844	31	46	subfamilies	NN	subfamily	O
845	845	32	46	of	OO	of	O
846	846	33	46	risks	NN	risk	O
847	847	34	46	.	OO	.	O
848	848	1	47	It	NN	it	O
849	849	2	47	is	VB	be	O
850	850	3	47	described	VB	describe	O
851	851	4	47	in	OO	in	O
852	852	5	47	detail	NN	detail	O
853	853	6	47	in	OO	in	O
854	854	7	47	Denault	NN	Denault	PERSON
855	855	8	47	's	OO	's	O
856	856	9	47	paper	NN	paper	O
857	857	10	47	(	OO	-lrb-	O
858	858	11	47	2001	OO	2001	DATE
859	859	12	47	)	OO	-rrb-	O
860	860	13	47	[	OO	-lsb-	O
861	861	14	47	10	OO	10	NUMBER
862	862	15	47	]	OO	-rsb-	O
863	863	16	47	.	OO	.	O
864	864	1	48	Several	JJ	several	O
865	865	2	48	papers	NN	papers	O
866	866	3	48	analyze	VB	analyze	O
867	867	4	48	its	JJ	its	O
868	868	5	48	properties	NN	property	O
869	869	6	48	under	OO	under	O
870	870	7	48	different	JJ	different	O
871	871	8	48	assumptions	NN	assumption	O
872	872	9	48	(	OO	-lrb-	O
873	873	10	48	Tasche	NN	tasche	O
874	874	11	48	(	OO	-lrb-	O
875	875	12	48	2004	OO	2004	DATE
876	876	13	48	)	OO	-rrb-	O
877	877	14	48	[	OO	-lsb-	O
878	878	15	48	20	OO	20	NUMBER
879	879	16	48	]	OO	-rsb-	O
880	880	17	48	,	OO	,	O
881	881	18	48	Balog	NN	balog	PERSON
882	882	19	48	(	OO	-lrb-	O
883	883	20	48	2011	OO	2011	DATE
884	884	21	48	)	OO	-rrb-	O
885	885	22	48	[	OO	-lsb-	O
886	886	23	48	2	OO	2	NUMBER
887	887	24	48	]	OO	-rsb-	O
888	888	25	48	)	OO	-rrb-	O
889	889	26	48	.	OO	.	O
890	890	1	49	We	NN	we	O
891	891	2	49	quote	VB	quote	O
892	892	3	49	as	OO	as	O
893	893	4	49	examples	NN	example	O
894	894	5	49	,	OO	,	O
895	895	6	49	Fischer	NN	Fischer	PERSON
896	896	7	49	et	OO	et	O
897	897	8	49	al	OO	al	O
898	898	9	49	(	OO	-lrb-	O
899	899	10	49	2003	OO	2003	DATE
900	900	11	49	)	OO	-rrb-	O
901	901	12	49	[	OO	-lsb-	O
902	902	13	49	12	OO	12	NUMBER
903	903	14	49	]	OO	-rsb-	O
904	904	15	49	,	OO	,	O
905	905	16	49	Bush	NN	Bush	PERSON
906	906	17	49	and	OO	and	O
907	907	18	49	Dorfleitner	NN	Dorfleitner	O
908	908	19	49	(	OO	-lrb-	O
909	909	20	49	2008	OO	2008	DATE
910	910	21	49	)	OO	-rrb-	O
911	911	22	49	[	OO	-lsb-	O
912	912	23	49	5	OO	5	NUMBER
913	913	24	49	]	OO	-rsb-	O
914	914	25	49	,	OO	,	O
915	915	26	49	and	OO	and	O
916	916	27	49	Kalkbrener	NN	Kalkbrener	O
917	917	28	49	(	OO	-lrb-	O
918	918	29	49	2009	OO	2009	DATE
919	919	30	49	)	OO	-rrb-	O
920	920	31	49	[	OO	-lsb-	O
921	921	32	49	16	OO	16	NUMBER
922	922	33	49	]	OO	-rsb-	O
923	923	34	49	.	OO	.	O
924	924	1	50	30	OO	30	PERCENT
925	925	2	50	%	NN	%	PERCENT
926	926	3	50	of	OO	of	O
927	927	4	50	these	OO	these	O
928	928	5	50	sentences	NN	sentence	O
929	929	6	50	are	VB	be	O
930	930	7	50	entirely	RB	entirely	O
931	931	8	50	made	VB	make	O
932	932	9	50	up	OO	up	O
933	933	10	50	.	OO	.	O
934	934	1	51	The	OO	the	O
935	935	2	51	total	JJ	total	O
936	936	3	51	annual	JJ	annual	SET
937	937	4	51	mortality	NN	mortality	O
938	938	5	51	decreased	VB	decrease	O
939	939	6	51	by	OO	by	O
940	940	7	51	.12	OO	.12	PERCENT
941	941	8	51	%	NN	%	PERCENT
942	942	9	51	,	OO	,	O
943	943	10	51	a	OO	a	O
944	944	11	51	small	JJ	small	O
945	945	12	51	but	OO	but	O
946	946	13	51	significant	JJ	significant	O
947	947	14	51	improvement	NN	improvement	O
948	948	15	51	.	OO	.	O
949	949	1	52	This	OO	this	O
950	950	2	52	prudential	JJ	prudential	O
951	951	3	52	mechanism	NN	mechanism	O
952	952	4	52	has	VB	have	O
953	953	5	52	a	OO	a	O
954	954	6	52	magnitude	NN	magnitude	O
955	955	7	52	of	OO	of	O
956	956	8	52	12,345.24	OO	12,345.24	MONEY
957	957	9	52	dollars	NN	dollar	MONEY
958	958	10	52	per	OO	per	O
959	959	11	52	capita	NN	capita	O
960	960	12	52	,	OO	,	O
961	961	13	52	making	VB	make	O
962	962	14	52	it	NN	it	O
963	963	15	52	a	OO	a	O
964	964	16	52	kind	NN	kind	O
965	965	17	52	of	OO	of	O
966	966	18	52	methodological	JJ	methodological	O
967	967	19	52	revolution	NN	revolution	O
968	968	20	52	.	OO	.	O
969	969	1	53	This	OO	this	O
970	970	2	53	paper	NN	paper	O
971	971	3	53	is	VB	be	O
972	972	4	53	organized	VB	organize	O
973	973	5	53	as	OO	as	O
974	974	6	53	follows	VB	follow	O
975	975	7	53	:	OO	:	O
976	976	8	53	an	OO	a	O
977	977	9	53	explanation	NN	explanation	O
978	978	10	53	of	OO	of	O
979	979	11	53	the	OO	the	O
980	980	12	53	methodology	NN	methodology	O
981	981	13	53	is	VB	be	O
982	982	14	53	in	OO	in	O
983	983	15	53	Section	NN	section	O
984	984	16	53	2	OO	2	NUMBER
985	985	17	53	.	OO	.	O
986	986	1	54	However	RB	however	O
987	987	2	54	,	OO	,	O
988	988	3	54	the	OO	the	O
989	989	4	54	company	NN	company	O
990	990	5	54	has	VB	have	O
991	991	6	54	a	OO	a	O
992	992	7	54	market	NN	market	O
993	993	8	54	capitalization	NN	capitalization	O
994	994	9	54	of	OO	of	O
995	995	10	54	$	OO	$	MONEY
996	996	11	54	3.2	OO	3.2	MONEY
997	997	12	54	billion	OO	billion	MONEY
998	998	13	54	.	OO	.	O
999	999	1	55	But	OO	but	O
1000	1000	2	55	the	OO	the	O
1001	1001	3	55	record	NN	record	O
1002	1002	4	55	breaking	VB	break	O
1003	1003	5	55	heat	NN	heat	O
1004	1004	6	55	was	VB	be	O
1005	1005	7	55	n't	RB	not	O
1006	1006	8	55	uniformly	RB	uniformly	O
1007	1007	9	55	distributed	VB	distribute	O
1008	1008	10	55	-	OO	-	O
1009	1009	11	55	it	NN	it	O
1010	1010	12	55	was	VB	be	O
1011	1011	13	55	particularly	RB	particularly	O
1012	1012	14	55	pronounced	JJ	pronounced	O
1013	1013	15	55	at	OO	at	O
1014	1014	16	55	the	OO	the	O
1015	1015	17	55	top	NN	top	O
1016	1016	18	55	of	OO	of	O
1017	1017	19	55	the	OO	the	O
1018	1018	20	55	world	NN	world	O
1019	1019	21	55	,	OO	,	O
1020	1020	22	55	showing	VB	show	O
1021	1021	23	55	temperature	NN	temperature	O
1022	1022	24	55	anomalies	NN	anomaly	O
1023	1023	25	55	above	OO	above	O
1024	1024	26	55	4	OO	4	NUMBER
1025	1025	27	55	degrees	NN	degree	O
1026	1026	28	55	Celsius	NN	Celsius	MISC
1027	1027	29	55	(	OO	-lrb-	O
1028	1028	30	55	7.2	OO	7.2	NUMBER
1029	1029	31	55	degrees	NN	degree	O
1030	1030	32	55	Fahrenheit	NN	fahrenheit	O
1031	1031	33	55	)	OO	-rrb-	O
1032	1032	34	55	higher	JJ	higher	O
1033	1033	35	55	than	OO	than	O
1034	1034	36	55	the	OO	the	O
1035	1035	37	55	1951	OO	1951	DATE
1036	1036	38	55	to	OO	to	O
1037	1037	39	55	1980	OO	1980	DATE
1038	1038	40	55	average	NN	average	O
1039	1039	41	55	in	OO	in	O
1040	1040	42	55	this	OO	this	O
1041	1041	43	55	region	NN	region	O
1042	1042	44	55	.	OO	.	O
1043	1043	1	56	Finally	RB	finally	O
1044	1044	2	56	,	OO	,	O
1045	1045	3	56	the	OO	the	O
1046	1046	4	56	first	JJ	first	ORDINAL
1047	1047	5	56	billion-dollar	JJ	billion-dollar	O
1048	1048	6	56	trade	NN	trade	O
1049	1049	7	56	occured	VB	occur	O
1050	1050	8	56	,	OO	,	O
1051	1051	9	56	resulting	VB	result	O
1052	1052	10	56	in	OO	in	O
1053	1053	11	56	a	OO	a	O
1054	1054	12	56	13.8	OO	13.8	PERCENT
1055	1055	13	56	%	NN	%	PERCENT
1056	1056	14	56	drop	NN	drop	O
1057	1057	15	56	.	OO	.	O
1058	1058	1	57	Dates	NN	date	O
1059	1059	2	57	can	VB	can	O
1060	1060	3	57	also	RB	also	O
1061	1061	4	57	be	VB	be	O
1062	1062	5	57	written	VB	write	O
1063	1063	6	57	5/13/1972	OO	5/13/1972	DATE
1064	1064	7	57	.	OO	.	O
1065	1065	1	58	This	OO	this	O
1066	1066	2	58	version	NN	version	O
1067	1067	3	58	of	OO	of	O
1068	1068	4	58	the	OO	the	O
1069	1069	5	58	Noobs	NN	Noobs	MISC
1070	1070	6	58	operating	NN	operating	O
1071	1071	7	58	system	NN	system	O
1072	1072	8	58	contains	VB	contain	O
1073	1073	9	58	the	OO	the	O
1074	1074	10	58	most	RB	most	O
1075	1075	11	58	recent	JJ	recent	O
1076	1076	12	58	version	NN	version	O
1077	1077	13	58	of	OO	of	O
1078	1078	14	58	Rasbian	NN	Rasbian	PERSON
1079	1079	15	58	Jessie	NN	Jessie	PERSON
1080	1080	16	58	(	OO	-lrb-	O
1081	1081	17	58	released	VB	release	O
1082	1082	18	58	2016-02-09	OO	2016-02-09	DATE
1083	1083	19	58	)	OO	-rrb-	O
1084	1084	20	58	.	OO	.	O
1085	1085	1	59	Rolls-Royce	NN	Rolls-Royce	ORGANIZATION
1086	1086	2	59	said	VB	say	O
1087	1087	3	59	it	NN	it	O
1088	1088	4	59	expects	VB	expect	O
1089	1089	5	59	its	JJ	its	O
1090	1090	6	59	US	NN	US	LOCATION
1091	1091	7	59	sales	NN	sale	O
1092	1092	8	59	to	OO	to	O
1093	1093	9	59	remain	VB	remain	O
1094	1094	10	59	steady	JJ	steady	O
1095	1095	11	59	at	OO	at	O
1096	1096	12	59	about	OO	about	O
1097	1097	13	59	1,200	OO	1,200	NUMBER
1098	1098	14	59	cars	NN	car	O
1099	1099	15	59	in	OO	in	O
1100	1100	16	59	1990	OO	1990	DATE
1101	1101	17	59	.	OO	.	O
1102	1102	1	60	It	NN	it	O
1103	1103	2	60	's	VB	be	O
1104	1104	3	60	2:15	OO	2:15	TIME
1105	1105	4	60	in	OO	in	TIME
1106	1106	5	60	the	OO	the	TIME
1107	1107	6	60	morning	NN	morning	TIME
1108	1108	7	60	,	OO	,	O
1109	1109	8	60	time	NN	time	O
1110	1110	9	60	to	OO	to	O
1111	1111	10	60	head	VB	head	O
1112	1112	11	60	to	OO	to	O
1113	1113	12	60	the	OO	the	O
1114	1114	13	60	DZ	NN	dz	O
1115	1115	14	60	.	OO	.	O
1116	1116	1	61	Times	NN	Times	O
1117	1117	2	61	like	OO	like	O
1118	1118	3	61	11:11	OO	11:11	TIME
1119	1119	4	61	and	OO	and	O
1120	1120	5	61	23:45	OO	23:45	TIME
1121	1121	6	61	tend	VB	tend	O
1122	1122	7	61	to	OO	to	O
1123	1123	8	61	get	VB	get	O
1124	1124	9	61	noticed	VB	notice	O
1125	1125	10	61	.	OO	.	O
1126	1126	1	62	We	NN	we	O
1127	1127	2	62	find	VB	find	O
1128	1128	3	62	that	OO	that	O
1129	1129	4	62	``	OO	``	O
1130	1130	5	62	a	OO	a	O
1131	1131	6	62	practive	NN	practive	O
1132	1132	7	62	of	OO	of	O
1133	1133	8	62	calculating	VB	calculate	O
1134	1134	9	62	risk	NN	risk	O
1135	1135	10	62	...	OO	...	O
1136	1136	11	62	for	OO	for	O
1137	1137	12	62	underprivilaged	JJ	underprivilaged	O
1138	1138	13	62	population	NN	population	O
1139	1139	14	62	''	OO	''	O
1140	1140	15	62	of	OO	of	O
1141	1141	16	62	risk	NN	risk	O
1142	1142	17	62	seems	VB	seem	O
1143	1143	18	62	relevant	JJ	relevant	O
1144	1144	19	62	.	OO	.	O
1145	1145	1	63	Once	RB	once	DATE
1146	1146	2	63	the	OO	the	O
1147	1147	3	63	Solvency	NN	Solvency	ORGANIZATION
1148	1148	4	63	Capital	NN	Capital	ORGANIZATION
1149	1149	5	63	Requirement	NN	requirement	ORGANIZATION
1150	1150	6	63	(	OO	-lrb-	O
1151	1151	7	63	SCR	NN	scr	O
1152	1152	8	63	)	OO	-rrb-	O
1153	1153	9	63	is	VB	be	O
1154	1154	10	63	calculated	VB	calculate	O
1155	1155	11	63	using	VB	use	O
1156	1156	12	63	IPC	NN	IPC	O
1157	1157	13	63	#	OO	#	O
1158	1158	14	63	:	OO	:	O
1159	1159	15	63	A61K	OO	a61k	NUMBER
1160	1160	16	63	031/455	OO	031/455	NUMBER
1161	1161	17	63	,	OO	,	O
1162	1162	18	63	operational	JJ	operational	O
1163	1163	19	63	risk	NN	risk	O
1164	1164	20	63	assessment	NN	assessment	O
1165	1165	21	63	still	RB	still	O
1166	1166	22	63	presents	VB	present	O
1167	1167	23	63	a	OO	a	O
1168	1168	24	63	challenge	NN	challenge	O
1169	1169	25	63	.	OO	.	O
1170	1170	1	64	The	OO	the	O
1171	1171	2	64	context	NN	context	O
1172	1172	3	64	of	OO	of	O
1173	1173	4	64	the	OO	the	O
1174	1174	5	64	Own	NN	own	O
1175	1175	6	64	Risk	NN	risk	O
1176	1176	7	64	and	OO	and	O
1177	1177	8	64	Solvency	NN	solvency	O
1178	1178	9	64	Assessment	NN	Assessment	O
1179	1179	10	64	(	OO	-lrb-	O
1180	1180	11	64	ORSA	NN	ORSA	O
1181	1181	12	64	)	OO	-rrb-	O
1182	1182	13	64	approach	NN	approach	O
1183	1183	14	64	was	VB	be	O
1184	1184	15	64	assessed	VB	assess	O
1185	1185	16	64	using	VB	use	O
1186	1186	17	64	the	OO	the	O
1187	1187	18	64	F-test	NN	f-test	O
1188	1188	19	64	.	OO	.	O
1189	1189	1	65	F-22s	NN	f-22	O
1190	1190	2	65	fly	VB	fly	O
1191	1191	3	65	low	JJ	low	O
1192	1192	4	65	in	OO	in	O
1193	1193	5	65	a	OO	a	O
1194	1194	6	65	show	NN	show	O
1195	1195	7	65	of	OO	of	O
1196	1196	8	65	force	NN	force	O
1197	1197	9	65	.	OO	.	O
1198	1198	1	66	Thus	RB	thus	O
1199	1199	2	66	,	OO	,	O
1200	1200	3	66	to	OO	to	O
1201	1201	4	66	achieve	VB	achieve	O
1202	1202	5	66	a	OO	a	O
1203	1203	6	66	Bachelor	NN	bachelor	O
1204	1204	7	66	(	OO	-lrb-	O
1205	1205	8	66	with	OO	with	O
1206	1206	9	66	)	OO	-rrb-	O
1207	1207	10	66	Honours	NN	Honours	O
1208	1208	11	66	degree	NN	degree	O
1209	1209	12	66	(	OO	-lrb-	O
1210	1210	13	66	abbr	NN	abbr	O
1211	1211	14	66	.	OO	.	O
1212	1212	1	67	e.g.	OO	e.g.	O
1213	1213	2	67	BA	NN	ba	O
1214	1214	3	67	(	OO	-lrb-	O
1215	1215	4	67	Hons	NN	hon	O
1216	1216	5	67	.	OO	.	O
1217	1217	6	67	)	OO	-rrb-	O
1218	1218	1	68	or	OO	or	O
1219	1219	2	68	BA	NN	ba	O
1220	1220	3	68	hons	NN	hon	O
1221	1221	4	68	.	OO	.	O
1222	1222	5	68	)	OO	-rrb-	O
1223	1223	1	69	,	OO	,	O
1224	1224	2	69	an	OO	a	O
1225	1225	3	69	extra	JJ	extra	O
1226	1226	4	69	``	OO	``	O
1227	1227	5	69	postgraduate	NN	postgraduate	O
1228	1228	6	69	''	OO	''	O
1229	1229	7	69	year	NN	year	DURATION
1230	1230	8	69	and	OO	and	O
1231	1231	9	69	a	OO	a	O
1232	1232	10	69	high	JJ	high	O
1233	1233	11	69	research	NN	research	O
1234	1234	12	69	honour	NN	honour	O
1235	1235	13	69	's	OO	's	O
1236	1236	14	69	thesis	NN	thesis	O
1237	1237	15	69	must	VB	must	O
1238	1238	16	69	be	VB	be	O
1239	1239	17	69	completed	VB	complete	O
1240	1240	18	69	;	OO	;	O
1241	1241	19	69	see	VB	see	O
1242	1242	20	69	Honours	NN	Honours	O
1243	1243	21	69	Degrees	NN	Degrees	O
1244	1244	22	69	.	OO	.	O
1245	1245	1	70	He	NN	he	O
1246	1246	2	70	thought	VB	think	O
1247	1247	3	70	it	NN	it	O
1248	1248	4	70	would	VB	would	O
1249	1249	5	70	be	VB	be	O
1250	1250	6	70	amusing	JJ	amusing	O
1251	1251	7	70	(	OO	-lrb-	O
1252	1252	8	70	!	OO	!	O
1253	1253	9	70	)	OO	-rrb-	O
1254	1254	1	71	to	OO	to	O
1255	1255	2	71	throw	VB	throw	O
1256	1256	3	71	a	OO	a	O
1257	1257	4	71	plastic	JJ	plastic	O
1258	1258	5	71	mouse	NN	mouse	O
1259	1259	6	71	at	OO	at	O
1260	1260	7	71	me	NN	I	O
1261	1261	8	71	.	OO	.	O
1262	1262	1	72	The	OO	the	O
1263	1263	2	72	bus	NN	bus	O
1264	1264	3	72	timetable	NN	timetable	O
1265	1265	4	72	purports	VB	purport	O
1266	1266	5	72	to	OO	to	O
1267	1267	6	72	be	VB	be	O
1268	1268	7	72	accurate	JJ	accurate	O
1269	1269	8	72	(	OO	-lrb-	O
1270	1270	9	72	?	OO	?	O
1271	1271	10	72	)	OO	-rrb-	O
1272	1272	1	73	.	OO	.	O
1273	1273	1	74	Rule	NN	rule	O
1274	1274	2	74	1	OO	1	NUMBER
1275	1275	3	74	.	OO	.	O
1276	1276	1	75	Read	VB	read	O
1277	1277	2	75	more	RB	more	O
1278	1278	3	75	in	OO	in	O
1279	1279	4	75	Yahoo!	NN	Yahoo!	O
1280	1280	5	75	Finance	NN	Finance	O
1281	1281	6	75	.	OO	.	O
1282	1282	1	76	In	OO	in	O
1283	1283	2	76	American	JJ	american	MISC
1284	1284	3	76	transcriptions	NN	transcription	O
1285	1285	4	76	,	OO	,	O
1286	1286	5	76	hot	JJ	hot	O
1287	1287	6	76	is	VB	be	O
1288	1288	7	76	written	VB	write	O
1289	1289	8	76	as	OO	as	O
1290	1290	9	76	hɑ	NN	hɑ	O
1291	1291	10	76	:	OO	:	O
1292	1292	11	76	t	NN	t	O
1293	1293	12	76	.	OO	.	O
1294	1294	1	77	The	OO	the	O
1295	1295	2	77	three	OO	three	NUMBER
1296	1296	3	77	recipes	NN	recipe	O
1297	1297	4	77	for	OO	for	O
1298	1298	5	77	success	NN	success	O
1299	1299	6	77	:	OO	:	O
1300	1300	7	77	commitment	NN	commitment	O
1301	1301	8	77	to	OO	to	O
1302	1302	9	77	a	OO	a	O
1303	1303	10	77	goal	NN	goal	O
1304	1304	11	77	;	OO	;	O
1305	1305	12	77	tenacity	NN	tenacity	O
1306	1306	13	77	on	OO	on	O
1307	1307	14	77	the	OO	the	O
1308	1308	15	77	field	NN	field	O
1309	1309	16	77	;	OO	;	O
1310	1310	17	77	and	OO	and	O
1311	1311	18	77	a	OO	a	O
1312	1312	19	77	recipe	NN	recipe	O
1313	1313	20	77	for	OO	for	O
1314	1314	21	77	success	NN	success	O
1315	1315	22	77	:-RRB-	OO	:-rrb-	NUMBER
1316	1316	23	77	It	NN	it	O
1317	1317	24	77	's	VB	be	O
1318	1318	25	77	very	RB	very	O
1319	1319	26	77	difficult	JJ	difficult	O
1320	1320	27	77	in	OO	in	O
1321	1321	28	77	fact	NN	fact	O
1322	1322	29	77	to	OO	to	O
1323	1323	30	77	say	VB	say	O
1324	1324	31	77	some	OO	some	O
1325	1325	32	77	of	OO	of	O
1326	1326	33	77	these	OO	these	O
1327	1327	34	77	words	NN	word	O
1328	1328	35	77	in	OO	in	O
1329	1329	36	77	their	JJ	they	O
1330	1330	37	77	`	OO	`	O
1331	1331	38	77	full	JJ	full	O
1332	1332	39	77	'	OO	'	O
1333	1333	40	77	form	NN	form	O
1334	1334	41	77	--	OO	--	O
1335	1335	42	77	try	VB	try	O
1336	1336	43	77	pronouncing	VB	pronounce	O
1337	1337	44	77	the	OO	the	O
1338	1338	45	77	second	JJ	second	ORDINAL
1339	1339	46	77	t	NN	t	O
1340	1340	47	77	in	OO	in	O
1341	1341	48	77	patients	NN	patient	O
1342	1342	49	77	,	OO	,	O
1343	1343	50	77	for	OO	for	O
1344	1344	51	77	example	NN	example	O
1345	1345	52	77	...	OO	...	O
1346	1346	53	77	.	OO	.	O
1347	1347	1	78	The	OO	the	O
1348	1348	2	78	regard	NN	regard	O
1349	1349	3	78	formerly	RB	formerly	O
1350	1350	4	78	paid	VB	pay	O
1351	1351	5	78	to	OO	to	O
1352	1352	6	78	pronunciation	NN	pronunciation	O
1353	1353	7	78	has	VB	have	O
1354	1354	8	78	been	VB	be	O
1355	1355	9	78	gradually	RB	gradually	O
1356	1356	10	78	declining	VB	decline	O
1357	1357	11	78	;	OO	;	O
1358	1358	12	78	so	RB	so	O
1359	1359	13	78	that	OO	that	O
1360	1360	14	78	now	RB	now	DATE
1361	1361	15	78	the	OO	the	O
1362	1362	16	78	greatest	JJ	greatest	O
1363	1363	17	78	improprieties	NN	impropriety	O
1364	1364	18	78	in	OO	in	O
1365	1365	19	78	that	OO	that	O
1366	1366	20	78	point	NN	point	O
1367	1367	21	78	are	VB	be	O
1368	1368	22	78	to	OO	to	O
1369	1369	23	78	be	VB	be	O
1370	1370	24	78	found	VB	find	O
1371	1371	25	78	among	OO	among	O
1372	1372	26	78	people	NN	people	O
1373	1373	27	78	of	OO	of	O
1374	1374	28	78	fashion	NN	fashion	O
1375	1375	29	78	;	OO	;	O
1376	1376	30	78	many	JJ	many	O
1377	1377	31	78	pronunciations	NN	pronunciation	O
1378	1378	32	78	,	OO	,	O
1379	1379	33	78	which	OO	which	O
1380	1380	34	78	thirty	OO	thirty	NUMBER
1381	1381	35	78	or	OO	or	O
1382	1382	36	78	forty	OO	forty	DATE
1383	1383	37	78	years	NN	year	DATE
1384	1384	38	78	ago	RB	ago	DATE
1385	1385	39	78	were	VB	be	O
1386	1386	40	78	confined	VB	confine	O
1387	1387	41	78	to	OO	to	O
1388	1388	42	78	the	OO	the	O
1389	1389	43	78	vulgar	JJ	vulgar	O
1390	1390	44	78	,	OO	,	O
1391	1391	45	78	are	VB	be	O
1392	1392	46	78	gradually	RB	gradually	O
1393	1393	47	78	gaining	VB	gain	O
1394	1394	48	78	ground	NN	ground	O
1395	1395	49	78	;	OO	;	O
1396	1396	50	78	and	OO	and	O
1397	1397	51	78	if	OO	if	O
1398	1398	52	78	something	NN	something	O
1399	1399	53	78	be	VB	be	O
1400	1400	54	78	not	RB	not	O
1401	1401	55	78	done	VB	do	O
1402	1402	56	78	to	OO	to	O
1403	1403	57	78	stop	VB	stop	O
1404	1404	58	78	this	OO	this	O
1405	1405	59	78	growing	VB	grow	O
1406	1406	60	78	evil	NN	evil	O
1407	1407	61	78	,	OO	,	O
1408	1408	62	78	and	OO	and	O
1409	1409	63	78	fix	VB	fix	O
1410	1410	64	78	a	OO	a	O
1411	1411	65	78	general	JJ	general	O
1412	1412	66	78	standard	NN	standard	O
1413	1413	67	78	at	OO	at	O
1414	1414	68	78	present	JJ	present	DATE
1415	1415	69	78	,	OO	,	O
1416	1416	70	78	the	OO	the	O
1417	1417	71	78	English	NN	English	MISC
1418	1418	72	78	is	VB	be	O
1419	1419	73	78	likely	JJ	likely	O
1420	1420	74	78	to	OO	to	O
1421	1421	75	78	become	VB	become	O
1422	1422	76	78	a	OO	a	O
1423	1423	77	78	mere	JJ	mere	O
1424	1424	78	78	jargon	NN	jargon	O
1425	1425	79	78	,	OO	,	O
1426	1426	80	78	which	OO	which	O
1427	1427	81	78	every	OO	every	O
1428	1428	82	78	one	OO	one	NUMBER
1429	1429	83	78	may	VB	may	O
1430	1430	84	78	pronounce	VB	pronounce	O
1431	1431	85	78	as	OO	as	O
1432	1432	86	78	he	NN	he	O
1433	1433	87	78	pleases	VB	please	O
1434	1434	88	78	.	OO	.	O
1435	1435	1	79	``	OO	``	O
1436	1436	2	79	Old	JJ	old	O
1437	1437	3	79	nursery	NN	nursery	O
1438	1438	4	79	rhymes	NN	rhyme	O
1439	1439	5	79	can	VB	can	O
1440	1440	6	79	...	OO	...	O
1441	1441	7	79	give	VB	give	O
1442	1442	8	79	us	NN	we	O
1443	1443	9	79	nice	JJ	nice	O
1444	1444	10	79	clues	NN	clue	O
1445	1445	11	79	about	RB	about	O
1446	1446	12	79	earlier	RB	earlier	O
1447	1447	13	79	pronunciations	NN	pronunciation	O
1448	1448	14	79	.	OO	.	O
1449	1449	15	79	''	OO	''	O
1450	1450	1	80	They	NN	they	O
1451	1451	2	80	include	VB	include	O
1452	1452	3	80	such	JJ	such	O
1453	1453	4	80	forms	NN	form	O
1454	1454	5	80	as	OO	as	O
1455	1455	6	80	Feb	NN	Feb	DATE
1456	1456	7	80	`	OO	`	O
1457	1457	8	80	ry	NN	ry	O
1458	1458	9	80	for	OO	for	O
1459	1459	10	80	February	NN	February	DATE
1460	1460	11	80	,	OO	,	O
1461	1461	12	80	and	OO	and	O
1462	1462	13	80	lib	NN	lib	O
1463	1463	14	80	`	OO	`	O
1464	1464	15	80	ry	NN	ry	O
1465	1465	16	80	for	OO	for	O
1466	1466	17	80	library	NN	library	O
1467	1467	18	80	.	OO	.	O
1468	1468	1	81	The	OO	the	O
1469	1469	2	81	vertical	JJ	vertical	O
1470	1470	3	81	line	NN	line	O
1471	1471	4	81	(	OO	-lrb-	O
1472	1472	5	81	ˈ	NN	ˈ	O
1473	1473	6	81	)	OO	-rrb-	O
1474	1474	7	81	is	VB	be	O
1475	1475	8	81	used	VB	use	O
1476	1476	9	81	to	OO	to	O
1477	1477	10	81	show	VB	show	O
1478	1478	11	81	word	NN	word	O
1479	1479	12	81	stress	NN	stress	O
1480	1480	13	81	.	OO	.	O
1481	1481	1	82	In	OO	in	O
1482	1482	2	82	American	JJ	american	MISC
1483	1483	3	82	English	NN	English	MISC
1484	1484	4	82	,	OO	,	O
1485	1485	5	82	t	NN	t	O
1486	1486	6	82	is	VB	be	O
1487	1487	7	82	often	RB	often	O
1488	1488	8	82	pronounced	JJ	pronounced	O
1489	1489	9	82	as	OO	as	O
1490	1490	10	82	a	OO	a	O
1491	1491	11	82	flap	NN	flap	O
1492	1492	12	82	t	NN	t	O
1493	1493	13	82	,	OO	,	O
1494	1494	14	82	which	OO	which	O
1495	1495	15	82	sounds	VB	sound	O
1496	1496	16	82	like	OO	like	O
1497	1497	17	82	d	NN	d	O
1498	1498	18	82	or	OO	or	O
1499	1499	19	82	(	OO	-lrb-	O
1500	1500	20	82	more	RB	more	O
1501	1501	21	82	accurately	RB	accurately	O
1502	1502	22	82	)	OO	-rrb-	O
1503	1503	23	82	like	OO	like	O
1504	1504	24	82	the	OO	the	O
1505	1505	25	82	quick	JJ	quick	O
1506	1506	26	82	,	OO	,	O
1507	1507	27	82	hard	JJ	hard	O
1508	1508	28	82	r	NN	r	O
1509	1509	29	82	heard	VB	hear	O
1510	1510	30	82	in	OO	in	O
1511	1511	31	82	the	OO	the	O
1512	1512	32	82	Spanish	JJ	spanish	MISC
1513	1513	33	82	word	NN	word	O
1514	1514	34	82	pero	NN	pero	O
1515	1515	35	82	.	OO	.	O
1516	1516	1	83	In	OO	in	O
1517	1517	2	83	spin	NN	spin	O
1518	1518	3	83	,	OO	,	O
1519	1519	4	83	the	OO	the	O
1520	1520	5	83	phoneme	NN	phoneme	O
1521	1521	6	83	is	VB	be	O
1522	1522	7	83	pronounced	JJ	pronounced	O
1523	1523	8	83	``	OO	``	O
1524	1524	9	83	normally	RB	normally	O
1525	1525	10	83	''	OO	''	O
1526	1526	11	83	;	OO	;	O
1527	1527	12	83	this	OO	this	O
1528	1528	13	83	``	OO	``	O
1529	1529	14	83	normal	JJ	normal	O
1530	1530	15	83	p	NN	p	O
1531	1531	16	83	''	OO	''	O
1532	1532	17	83	sound	NN	sound	O
1533	1533	18	83	is	VB	be	O
1534	1534	19	83	represented	VB	represent	O
1535	1535	20	83	by	OO	by	O
1536	1536	21	83	p	NN	p	O
1537	1537	22	83	in	OO	in	O
1538	1538	23	83	the	OO	the	O
1539	1539	24	83	IPA	NN	IPA	O
1540	1540	25	83	.	OO	.	O
1541	1541	1	84	Often	RB	often	O
1542	1542	2	84	,	OO	,	O
1543	1543	3	84	slashes	NN	slash	O
1544	1544	4	84	are	VB	be	O
1545	1545	5	84	used	VB	use	O
1546	1546	6	84	to	OO	to	O
1547	1547	7	84	signal	VB	signal	O
1548	1548	8	84	broad	JJ	broad	O
1549	1549	9	84	or	OO	or	O
1550	1550	10	84	phonemic	JJ	phonemic	O
1551	1551	11	84	transcription	NN	transcription	O
1552	1552	12	84	;	OO	;	O
1553	1553	13	84	thus	RB	thus	O
1554	1554	14	84	,	OO	,	O
1555	1555	15	84	/	OO	/	O
1556	1556	16	84	t	NN	t	O
1557	1557	17	84	/	OO	/	O
1558	1558	18	84	is	VB	be	O
1559	1559	19	84	less	RB	less	O
1560	1560	20	84	specific	JJ	specific	O
1561	1561	21	84	than	OO	than	O
1562	1562	22	84	,	OO	,	O
1563	1563	23	84	and	OO	and	O
1564	1564	24	84	could	VB	could	O
1565	1565	25	84	refer	VB	refer	O
1566	1566	26	84	to	OO	to	O
1567	1567	27	84	,	OO	,	O
1568	1568	28	84	either	OO	either	O
1569	1569	29	84	[	OO	-lsb-	O
1570	1570	30	84	t̺ʰ	NN	t̺ʰ	O
1571	1571	31	84	]	OO	-rsb-	O
1572	1572	32	84	or	OO	or	O
1573	1573	33	84	[	OO	-lsb-	O
1574	1574	34	84	t	NN	t	O
1575	1575	35	84	]	OO	-rsb-	O
1576	1576	36	84	,	OO	,	O
1577	1577	37	84	depending	VB	depend	O
1578	1578	38	84	on	OO	on	O
1579	1579	39	84	the	OO	the	O
1580	1580	40	84	context	NN	context	O
1581	1581	41	84	and	OO	and	O
1582	1582	42	84	language	NN	language	O
1583	1583	43	84	.	OO	.	O
1584	1584	1	85	Hyperlinks	NN	hyperlink	O
1585	1585	2	85	are	VB	be	O
1586	1586	3	85	recognized	VB	recognize	O
1587	1587	4	85	as	OO	as	O
1588	1588	5	85	one	OO	one	NUMBER
1589	1589	6	85	unit	NN	unit	O
1590	1590	7	85	(	OO	-lrb-	O
1591	1591	8	85	alaska.edu	NN	alaska.edu	O
1592	1592	9	85	,	OO	,	O
1593	1593	10	85	jmister@gmail.com	NN	jmister@gmail.com	O
1594	1594	11	85	)	OO	-rrb-	O
1595	1595	12	85	.	OO	.	O
1596	1596	1	86	Its	JJ	its	O
1597	1597	2	86	principle	NN	principle	O
1598	1598	3	86	is	VB	be	O
1599	1599	4	86	based	VB	base	O
1600	1600	5	86	on	OO	on	O
1601	1601	6	86	the	OO	the	O
1602	1602	7	86	value	NN	value	O
1603	1603	8	86	introduced	VB	introduce	O
1604	1604	9	86	by	OO	by	O
1605	1605	10	86	Aumann	NN	Aumann	PERSON
1606	1606	11	86	and	OO	and	O
1607	1607	12	86	Shaplay	NN	Shaplay	O
1608	1608	13	86	and	OO	and	O
1609	1609	14	86	reported	VB	report	O
1610	1610	15	86	on	OO	on	O
1611	1611	16	86	slashdot.com	NN	slashdot.com	O
1612	1612	17	86	in	OO	in	O
1613	1613	18	86	game	NN	game	O
1614	1614	19	86	theory	NN	theory	O
1615	1615	20	86	.	OO	.	O
1616	1616	1	87	http://trib.al/svQd7iF	NN	http://trib.al/svqd7if	O
1617	1617	2	87	Sadly	RB	sadly	O
1618	1618	3	87	Kanye	NN	Kanye	PERSON
1619	1619	4	87	West	NN	West	PERSON
1620	1620	5	87	missed	VB	miss	O
1621	1621	6	87	out	OO	out	O
1622	1622	7	87	on	OO	on	O
1623	1623	8	87	the	OO	the	O
1624	1624	9	87	Billboard	NN	Billboard	MISC
1625	1625	10	87	charts	NN	chart	O
1626	1626	11	87	He	NN	he	O
1627	1627	12	87	did	VB	do	O
1628	1628	13	87	respond	VB	respond	O
1629	1629	14	87	to	OO	to	O
1630	1630	15	87	a	OO	a	O
1631	1631	16	87	TIDAL	JJ	tidal	O
1632	1632	17	87	hater	NN	hater	O
1633	1633	18	87	,	OO	,	O
1634	1634	19	87	though	OO	though	O
1635	1635	20	87	http://on.vibe.com/20Txgpm	NN	http://on.vibe.com/20txgpm	O
1636	1636	21	87	.	OO	.	O
1637	1637	1	88	Visit	NN	visit	O
1638	1638	2	88	www.newegg.com	NN	www.newegg.com	O
1639	1639	3	88	for	OO	for	O
1640	1640	4	88	the	OO	the	O
1641	1641	5	88	best	JJ	best	O
1642	1642	6	88	deals	NN	deal	O
1643	1643	7	88	in	OO	in	O
1644	1644	8	88	top	NN	top	O
1645	1645	9	88	of	OO	of	O
1646	1646	10	88	the	OO	the	O
1647	1647	11	88	line	NN	line	O
1648	1648	12	88	gadgets	NN	gadget	O
1649	1649	13	88	.	OO	.	O
1650	1650	1	89	Internet	NN	Internet	MISC
1651	1651	2	89	acronyms	NN	acronym	O
1652	1652	3	89	,	OO	,	O
1653	1653	4	89	text	NN	text	O
1654	1654	5	89	message	NN	message	O
1655	1655	6	89	jargon	NN	jargon	O
1656	1656	7	89	,	OO	,	O
1657	1657	8	89	abbreviations	NN	abbreviation	O
1658	1658	9	89	,	OO	,	O
1659	1659	10	89	initialisms	NN	initialism	O
1660	1660	11	89	,	OO	,	O
1661	1661	12	89	cyberslang	NN	cyberslang	O
1662	1662	13	89	,	OO	,	O
1663	1663	14	89	leetspeak	NN	leetspeak	O
1664	1664	15	89	,	OO	,	O
1665	1665	16	89	SMS	NN	SMS	O
1666	1666	17	89	code	NN	code	O
1667	1667	18	89	,	OO	,	O
1668	1668	19	89	textese	NN	textese	O
1669	1669	20	89	-	OO	-	O
1670	1670	21	89	See	VB	see	O
1671	1671	22	89	more	JJ	more	O
1672	1672	23	89	at	OO	at	O
1673	1673	24	89	:	OO	:	O
1674	1674	25	89	http://www.netlingo.com/acronyms.php#sthash.suX04zyM.dpuf	NN	http://www.netlingo.com/acronyms.php#sthash.sux04zym.dpuf	O
1675	1675	26	89	,	OO	,	O
1676	1676	27	89	aka	OO	aka	O
1677	1677	28	89	the	OO	the	O
1678	1678	29	89	best	JJ	best	O
1679	1679	30	89	site	NN	site	O
1680	1680	31	89	on	OO	on	O
1681	1681	32	89	the	OO	the	O
1682	1682	33	89	internet	NN	internet	O
1683	1683	34	89	.	OO	.	O
1684	1684	1	90	Try	VB	try	O
1685	1685	2	90	to	OO	to	O
1686	1686	3	90	download	VB	download	O
1687	1687	4	90	the	OO	the	O
1688	1688	5	90	dmg	NN	dmg	O
1689	1689	6	90	at	OO	at	O
1690	1690	7	90	developer.apple.com/downloads	NN	developer.apple.com/downloads	O
1691	1691	8	90	(	OO	-lrb-	O
1692	1692	9	90	Command	NN	command	O
1693	1693	10	90	line	NN	line	O
1694	1694	11	90	tools	NN	tool	O
1695	1695	12	90	OS	NN	os	O
1696	1696	13	90	X	NN	x	O
1697	1697	14	90	)	OO	-rrb-	O
1698	1698	15	90	for	OO	for	O
1699	1699	16	90	XCode	NN	xcode	O
1700	1700	17	90	seven	OO	seven	NUMBER
1701	1701	18	90	.	OO	.	O
1702	1702	1	91	``	OO	``	O
1703	1703	2	91	Yeah	OO	yeah	O
1704	1704	3	91	,	OO	,	O
1705	1705	4	91	it	NN	it	O
1706	1706	5	91	was	VB	be	O
1707	1707	6	91	great	JJ	great	O
1708	1708	7	91	,	OO	,	O
1709	1709	8	91	''	OO	''	O
1710	1710	9	91	he	NN	he	O
1711	1711	10	91	said	VB	say	O
1712	1712	11	91	sarcastically	RB	sarcastically	O
1713	1713	12	91	.	OO	.	O
1714	1714	1	92	Professor	NN	Professor	O
1715	1715	2	92	Mark	NN	Mark	PERSON
1716	1716	3	92	Serreze	NN	Serreze	PERSON
1717	1717	4	92	PhD	NN	PhD	O
1718	1718	5	92	,	OO	,	O
1719	1719	6	92	the	OO	the	O
1720	1720	7	92	center	NN	center	O
1721	1721	8	92	's	OO	's	O
1722	1722	9	92	director	NN	director	O
1723	1723	10	92	,	OO	,	O
1724	1724	11	92	says	VB	say	O
1725	1725	12	92	,	OO	,	O
1726	1726	13	92	``	OO	``	O
1727	1727	14	92	We	NN	we	O
1728	1728	15	92	've	VB	have	O
1729	1729	16	92	looked	VB	look	O
1730	1730	17	92	at	OO	at	O
1731	1731	18	92	the	OO	the	O
1732	1732	19	92	average	JJ	average	O
1733	1733	20	92	January	NN	January	DATE
1734	1734	21	92	temperatures	NN	temperature	O
1735	1735	22	92	,	OO	,	O
1736	1736	23	92	and	OO	and	O
1737	1737	24	92	we	NN	we	O
1738	1738	25	92	look	VB	look	O
1739	1739	26	92	at	OO	at	O
1740	1740	27	92	what	NN	what	O
1741	1741	28	92	we	NN	we	O
1742	1742	29	92	call	VB	call	O
1743	1743	30	92	the	OO	the	O
1744	1744	31	92	925	OO	925	NUMBER
1745	1745	32	92	millibar	JJ	millibar	O
1746	1746	33	92	level	NN	level	O
1747	1747	34	92	,	OO	,	O
1748	1748	35	92	about	OO	about	O
1749	1749	36	92	3,000	OO	3,000	NUMBER
1750	1750	37	92	feet	NN	foot	O
1751	1751	38	92	up	RB	up	O
1752	1752	39	92	in	OO	in	O
1753	1753	40	92	the	OO	the	O
1754	1754	41	92	atmosphere	NN	atmosphere	O
1755	1755	42	92	.	OO	.	O
1756	1756	43	92	''	OO	''	O
1757	1757	1	93	The	OO	the	O
1758	1758	2	93	headline	NN	headline	O
1759	1759	3	93	read	NN	read	O
1760	1760	4	93	:	OO	:	O
1761	1761	5	93	`	OO	`	O
1762	1762	6	93	Local	JJ	local	O
1763	1763	7	93	Woman	NN	Woman	O
1764	1764	8	93	Saves	VB	save	O
1765	1765	9	93	Geese	NN	Geese	O
1766	1766	10	93	'	OO	'	O
1767	1767	11	93	.	OO	.	O
1768	1768	1	94	I	NN	I	O
1769	1769	2	94	think	VB	think	O
1770	1770	3	94	they	NN	they	O
1771	1771	4	94	meant	VB	mean	O
1772	1772	5	94	``	OO	``	O
1773	1773	6	94	...	OO	...	O
1774	1774	7	94	finds	VB	find	O
1775	1775	8	94	inspiration	NN	inspiration	O
1776	1776	9	94	in	OO	in	O
1777	1777	10	94	cooking	NN	cooking	O
1778	1778	11	94	,	OO	,	O
1779	1779	12	94	her	JJ	she	O
1780	1780	13	94	family	NN	family	O
1781	1781	14	94	,	OO	,	O
1782	1782	15	94	and	OO	and	O
1783	1783	16	94	her	JJ	she	O
1784	1784	17	94	dog	NN	dog	O
1785	1785	18	94	,	OO	,	O
1786	1786	19	94	''	OO	''	O
1787	1787	20	94	but	OO	but	O
1788	1788	21	94	you	NN	you	O
1789	1789	22	94	never	RB	never	O
1790	1790	23	94	can	VB	can	O
1791	1791	24	94	be	VB	be	O
1792	1792	25	94	sure	JJ	sure	O
1793	1793	26	94	about	OO	about	O
1794	1794	27	94	people	NN	people	O
1795	1795	28	94	.	OO	.	O
1796	1796	1	95	Other	JJ	other	O
1797	1797	2	95	than	OO	than	O
1798	1798	3	95	to	OO	to	O
1799	1799	4	95	indicate	VB	indicate	O
1800	1800	5	95	dates	NN	date	O
1801	1801	6	95	or	OO	or	O
1802	1802	7	95	to	OO	to	O
1803	1803	8	95	separate	JJ	separate	O
1804	1804	9	95	lines	NN	line	O
1805	1805	10	95	of	OO	of	O
1806	1806	11	95	poetry	NN	poetry	O
1807	1807	12	95	(	OO	-lrb-	O
1808	1808	13	95	``	OO	``	O
1809	1809	14	95	Celery	NN	Celery	O
1810	1810	15	95	,	OO	,	O
1811	1811	16	95	raw	JJ	raw	O
1812	1812	17	95	/	OO	/	O
1813	1813	18	95	Develops	VB	develop	O
1814	1814	19	95	the	OO	the	O
1815	1815	20	95	jaw	NN	jaw	O
1816	1816	21	95	''	OO	''	O
1817	1817	22	95	)	OO	-rrb-	O
1818	1818	23	95	,	OO	,	O
1819	1819	24	95	it	NN	it	O
1820	1820	25	95	has	VB	have	O
1821	1821	26	95	few	JJ	few	O
1822	1822	27	95	defensible	JJ	defensible	O
1823	1823	28	95	uses	NN	use	O
1824	1824	29	95	.	OO	.	O
1825	1825	1	96	For	OO	for	O
1826	1826	2	96	example	NN	example	O
1827	1827	3	96	,	OO	,	O
1828	1828	4	96	/	OO	/	O
1829	1829	5	96	ˈkɒntrækt	JJ	ˈkɒntrækt	O
1830	1830	6	96	/	OO	/	O
1831	1831	7	96	is	VB	be	O
1832	1832	8	96	pronounced	JJ	pronounced	O
1833	1833	9	96	with	OO	with	O
1834	1834	10	96	a	OO	a	O
1835	1835	11	96	hard	JJ	hard	O
1836	1836	12	96	k.	NN	k.	O
1837	1837	13	96	``	OO	``	O
1838	1838	14	96	Still	RB	still	O
1839	1839	15	96	,	OO	,	O
1840	1840	16	96	''	OO	''	O
1841	1841	17	96	she	NN	she	O
1842	1842	18	96	says	VB	say	O
1843	1843	19	96	suspiciously	RB	suspiciously	O
1844	1844	20	96	,	OO	,	O
1845	1845	21	96	``	OO	``	O
1846	1846	22	96	should	VB	should	O
1847	1847	23	96	n't	RB	not	O
1848	1848	24	96	it	NN	it	O
1849	1849	25	96	have	VB	have	O
1850	1850	26	96	a	OO	a	O
1851	1851	27	96	reddish	JJ	reddish	O
1852	1852	28	96	tint	NN	tint	O
1853	1853	29	96	?	OO	?	O
1854	1854	30	96	''	OO	''	O
1855	1855	1	97	Use	VB	use	O
1856	1856	2	97	a	OO	a	O
1857	1857	3	97	period	NN	period	O
1858	1858	4	97	(	OO	-lrb-	O
1859	1859	5	97	written	VB	write	O
1860	1860	6	97	<	JJ	<	O
1861	1861	7	97	.	OO	.	O
1862	1862	1	98	>	JJ	>	O
1863	1863	2	98	)	OO	-rrb-	O
1864	1864	3	98	at	OO	at	O
1865	1865	4	98	the	OO	the	O
1866	1866	5	98	end	NN	end	O
1867	1867	6	98	of	OO	of	O
1868	1868	7	98	a	OO	a	O
1869	1869	8	98	complete	JJ	complete	O
1870	1870	9	98	sentence	NN	sentence	O
1871	1871	10	98	that	OO	that	O
1872	1872	11	98	is	VB	be	O
1873	1873	12	98	a	OO	a	O
1874	1874	13	98	statement	NN	statement	O
1875	1875	14	98	.	OO	.	O
1876	1876	1	99	Take	VB	take	O
1877	1877	2	99	Jack	NN	Jack	PERSON
1878	1878	3	99	and	OO	and	O
1879	1879	4	99	Jill	NN	Jill	PERSON
1880	1880	5	99	--	OO	--	O
1881	1881	6	99	`	OO	`	O
1882	1882	7	99	Jack	NN	Jack	PERSON
1883	1883	8	99	and	OO	and	O
1884	1884	9	99	Jill	NN	Jill	PERSON
1885	1885	10	99	went	VB	go	O
1886	1886	11	99	up	OO	up	O
1887	1887	12	99	the	OO	the	O
1888	1888	13	99	hill	NN	hill	O
1889	1889	14	99	to	OO	to	O
1890	1890	15	99	fetch	VB	fetch	O
1891	1891	16	99	a	OO	a	O
1892	1892	17	99	pail	NN	pail	O
1893	1893	18	99	of	OO	of	O
1894	1894	19	99	water	NN	water	O
1895	1895	20	99	;	OO	;	O
1896	1896	21	99	Jack	NN	Jack	PERSON
1897	1897	22	99	fell	VB	fall	O
1898	1898	23	99	down	RB	down	O
1899	1899	24	99	and	OO	and	O
1900	1900	25	99	broke	VB	break	O
1901	1901	26	99	his	JJ	he	O
1902	1902	27	99	crown	NN	crown	O
1903	1903	28	99	and	OO	and	O
1904	1904	29	99	Jill	NN	Jill	PERSON
1905	1905	30	99	came	VB	come	O
1906	1906	31	99	tumbling	VB	tumble	O
1907	1907	32	99	after	OO	after	O
1908	1908	33	99	.	OO	.	O
1909	1909	34	99	'	OO	'	O
1910	1910	1	100	It	NN	it	O
1911	1911	2	100	does	VB	do	O
1912	1912	3	100	not	RB	not	O
1913	1913	4	100	normally	RB	normally	O
1914	1914	5	100	use	VB	use	O
1915	1915	6	100	combinations	NN	combination	O
1916	1916	7	100	of	OO	of	O
1917	1917	8	100	letters	NN	letter	O
1918	1918	9	100	to	OO	to	O
1919	1919	10	100	represent	VB	represent	O
1920	1920	11	100	single	JJ	single	O
1921	1921	12	100	sounds	NN	sound	O
1922	1922	13	100	,	OO	,	O
1923	1923	14	100	the	OO	the	O
1924	1924	15	100	way	NN	way	O
1925	1925	16	100	English	JJ	english	MISC
1926	1926	17	100	does	VB	do	O
1927	1927	18	100	with	OO	with	O
1928	1928	19	100	⟨	NN	⟨	O
1929	1929	20	100	sh	NN	sh	O
1930	1930	21	100	⟩	OO	⟩	NUMBER
1931	1931	22	100	or	OO	or	O
1932	1932	23	100	single	JJ	single	O
1933	1933	24	100	letters	NN	letter	O
1934	1934	25	100	to	OO	to	O
1935	1935	26	100	represent	VB	represent	O
1936	1936	27	100	multiple	JJ	multiple	O
1937	1937	28	100	sounds	NN	sound	O
1938	1938	29	100	,	OO	,	O
1939	1939	30	100	such	JJ	such	O
1940	1940	31	100	as	OO	as	O
1941	1941	32	100	x	NN	x	O
1942	1942	33	100	.	OO	.	O
1943	1943	1	101	The	OO	the	O
1944	1944	2	101	Scarecrow	NN	Scarecrow	MISC
1945	1945	3	101	and	OO	and	O
1946	1946	4	101	the	OO	the	O
1947	1947	5	101	Tin	NN	tin	MISC
1948	1948	6	101	Woodman	NN	Woodman	MISC
1949	1949	7	101	stood	VB	stand	O
1950	1950	8	101	up	OO	up	O
1951	1951	9	101	in	OO	in	O
1952	1952	10	101	a	OO	a	O
1953	1953	11	101	corner	NN	corner	O
1954	1954	12	101	and	OO	and	O
1955	1955	13	101	kept	VB	keep	O
1956	1956	14	101	quiet	JJ	quiet	O
1957	1957	15	101	all	OO	all	O
1958	1958	16	101	night	NN	night	TIME
1959	1959	17	101	,	OO	,	O
1960	1960	18	101	although	OO	although	O
1961	1961	19	101	of	OO	of	O
1962	1962	20	101	course	NN	course	O
1963	1963	21	101	they	NN	they	O
1964	1964	22	101	could	VB	could	O
1965	1965	23	101	not	RB	not	O
1966	1966	24	101	sleep	VB	sleep	O
1967	1967	25	101	.	OO	.	O
1968	1968	1	102	-	OO	-	O
1969	1969	2	102	L.	OO	l.	PERSON
1970	1970	3	102	Frank	NN	Frank	PERSON
1971	1971	4	102	Baum	NN	Baum	PERSON
1972	1972	5	102	Because	OO	because	O
1973	1973	6	102	they	NN	they	O
1974	1974	7	102	did	VB	do	O
1975	1975	8	102	not	RB	not	O
1976	1976	9	102	understand	VB	understand	O
1977	1977	10	102	English	JJ	english	MISC
1978	1978	11	102	grammar	NN	grammar	O
1979	1979	12	102	very	RB	very	O
1980	1980	13	102	well	RB	well	O
1981	1981	14	102	,	OO	,	O
1982	1982	15	102	they	NN	they	O
1983	1983	16	102	came	VB	come	O
1984	1984	17	102	to	OO	to	O
1985	1985	18	102	this	OO	this	O
1986	1986	19	102	web	NN	web	O
1987	1987	20	102	page	NN	page	O
1988	1988	21	102	and	OO	and	O
1989	1989	22	102	posted	VB	post	O
1990	1990	23	102	inaccurate	JJ	inaccurate	O
1991	1991	24	102	examples	NN	example	O
1992	1992	25	102	in	OO	in	O
1993	1993	26	102	the	OO	the	O
1994	1994	27	102	comment	NN	comment	O
1995	1995	28	102	section	NN	section	O
1996	1996	29	102	.	OO	.	O
1997	1997	1	103	:-RRB-	JJ	:-rrb-	O
1998	1998	2	103	The	OO	the	O
1999	1999	3	103	prime	JJ	prime	O
2000	2000	4	103	minister	NN	minister	O
2001	2001	5	103	said	VB	say	O
2002	2002	6	103	:	OO	:	O
2003	2003	7	103	``	OO	``	O
2004	2004	8	103	We	NN	we	O
2005	2005	9	103	will	VB	will	O
2006	2006	10	103	fight	VB	fight	O
2007	2007	11	103	.	OO	.	O
2008	2008	1	104	We	NN	we	O
2009	2009	2	104	will	VB	will	O
2010	2010	3	104	not	RB	not	O
2011	2011	4	104	give	VB	give	O
2012	2012	5	104	up	OO	up	O
2013	2013	6	104	.	OO	.	O
2014	2014	1	105	We	NN	we	O
2015	2015	2	105	will	VB	will	O
2016	2016	3	105	win	VB	win	O
2017	2017	4	105	the	OO	the	O
2018	2018	5	105	next	JJ	next	O
2019	2019	6	105	election	NN	election	O
2020	2020	7	105	.	OO	.	O
2021	2021	8	105	''	OO	''	O
2022	2022	1	106	`	OO	`	O
2023	2023	2	106	Run	NN	Run	O
2024	2024	3	106	as	OO	as	O
2025	2025	4	106	fast	RB	fast	O
2026	2026	5	106	as	OO	as	O
2027	2027	6	106	you	NN	you	O
2028	2028	7	106	can	VB	can	O
2029	2029	8	106	!	OO	!	O
2030	2030	9	106	'	OO	'	O
2031	2031	1	107	he	NN	he	O
2032	2032	2	107	shouted	VB	shout	O
2033	2033	3	107	.	OO	.	O
2034	2034	1	108	In	OO	in	O
2035	2035	2	108	eəʳ	NN	eəʳ	O
2036	2036	3	108	ɪəʳ	NN	ɪəʳ	O
2037	2037	4	108	ʊəʳ	NN	ʊəʳ	O
2038	2038	5	108	,	OO	,	O
2039	2039	6	108	the	OO	the	O
2040	2040	7	108	r	NN	r	O
2041	2041	8	108	is	VB	be	O
2042	2042	9	108	not	RB	not	O
2043	2043	10	108	pronounced	VB	pronounce	O
2044	2044	11	108	in	OO	in	O
2045	2045	12	108	BrE	NN	BrE	O
2046	2046	13	108	,	OO	,	O
2047	2047	14	108	unless	OO	unless	O
2048	2048	15	108	the	OO	the	O
2049	2049	16	108	sound	NN	sound	O
2050	2050	17	108	comes	VB	come	O
2051	2051	18	108	before	OO	before	O
2052	2052	19	108	a	OO	a	O
2053	2053	20	108	vowel	NN	vowel	O
2054	2054	21	108	(	OO	-lrb-	O
2055	2055	22	108	as	OO	as	O
2056	2056	23	108	in	OO	in	O
2057	2057	24	108	dearest	NN	dearest	O
2058	2058	25	108	,	OO	,	O
2059	2059	26	108	dear	RB	dear	O
2060	2060	27	108	Ann	NN	Ann	PERSON
2061	2061	28	108	)	OO	-rrb-	O
2062	2062	29	108	.	OO	.	O
2063	2063	1	109	In	OO	in	O
2064	2064	2	109	American	JJ	american	MISC
2065	2065	3	109	transcriptions	NN	transcription	O
2066	2066	4	109	,	OO	,	O
2067	2067	5	109	ɔ	NN	ɔ	O
2068	2068	6	109	:	OO	:	O
2069	2069	7	109	is	VB	be	O
2070	2070	8	109	often	RB	often	O
2071	2071	9	109	written	VB	write	O
2072	2072	10	109	as	OO	as	O
2073	2073	11	109	ɒ	NN	ɒ	O
2074	2074	12	109	:	OO	:	O
2075	2075	13	109	(	OO	-lrb-	O
2076	2076	14	109	e.g.	OO	e.g.	O
2077	2077	15	109	law	NN	law	O
2078	2078	16	109	=	JJ	=	O
2079	2079	17	109	lɒ	NN	lɒ	O
2080	2080	18	109	:-RRB-	NN	:-rrb-	O
2081	2081	19	109	,	OO	,	O
2082	2082	20	109	unless	OO	unless	O
2083	2083	21	109	it	NN	it	O
2084	2084	22	109	is	VB	be	O
2085	2085	23	109	followed	VB	follow	O
2086	2086	24	109	by	OO	by	O
2087	2087	25	109	r	NN	r	O
2088	2088	26	109	,	OO	,	O
2089	2089	27	109	in	OO	in	O
2090	2090	28	109	which	OO	which	O
2091	2091	29	109	case	NN	case	O
2092	2092	30	109	it	NN	it	O
2093	2093	31	109	remains	VB	remain	O
2094	2094	32	109	an	OO	a	O
2095	2095	33	109	ɔ	NN	ɔ	O
2096	2096	34	109	:	OO	:	O
2097	2097	35	109	.	OO	.	O
2098	2098	1	110	Other	JJ	other	O
2099	2099	2	110	common	JJ	common	O
2100	2100	3	110	capital-letter	NN	capital-letter	O
2101	2101	4	110	symbols	NN	symbol	O
2102	2102	5	110	are	VB	be	O
2103	2103	6	110	T	NN	t	O
2104	2104	7	110	for	OO	for	O
2105	2105	8	110	{	OO	-lcb-	O
2106	2106	9	110	tone	NN	tone	O
2107	2107	10	110	}	OO	-rcb-	O
2108	2108	11	110	,	OO	,	O
2109	2109	12	110	N	NN	n	O
2110	2110	13	110	for	OO	for	O
2111	2111	14	110	{	OO	-lcb-	O
2112	2112	15	110	nasal	JJ	nasal	O
2113	2113	16	110	}	OO	-rcb-	O
2114	2114	17	110	,	OO	,	O
2115	2115	18	110	F	NN	f	O
2116	2116	19	110	for	OO	for	O
2117	2117	20	110	{	OO	-lcb-	O
2118	2118	21	110	fricative	JJ	fricative	O
2119	2119	22	110	}	OO	-rcb-	O
2120	2120	23	110	(	OO	-lrb-	O
2121	2121	24	110	also	RB	also	O
2122	2122	25	110	S	NN	s	O
2123	2123	26	110	for	OO	for	O
2124	2124	27	110	{	OO	-lcb-	O
2125	2125	28	110	voiceless	JJ	voiceless	O
2126	2126	29	110	fricative	JJ	fricative	O
2127	2127	30	110	}	OO	-rcb-	O
2128	2128	31	110	and	OO	and	O
2129	2129	32	110	Z	NN	z	O
2130	2130	33	110	for	OO	for	O
2131	2131	34	110	{	OO	-lcb-	O
2132	2132	35	110	voiced	VB	voice	O
2133	2133	36	110	fricative	JJ	fricative	O
2134	2134	37	110	}	OO	-rcb-	O
2135	2135	38	110	)	OO	-rrb-	O
2136	2136	39	110	,	OO	,	O
2137	2137	40	110	G	NN	g	O
2138	2138	41	110	for	OO	for	O
2139	2139	42	110	{	OO	-lcb-	O
2140	2140	43	110	glide	VB	glide	O
2141	2141	44	110	}	OO	-rcb-	O
2142	2142	45	110	or	OO	or	O
2143	2143	46	110	for	OO	for	O
2144	2144	47	110	{	OO	-lcb-	O
2145	2145	48	110	semivowel/liquid	NN	semivowel/liquid	O
2146	2146	49	110	}	OO	-rcb-	O
2147	2147	50	110	,	OO	,	O
2148	2148	51	110	P	NN	p	O
2149	2149	52	110	for	OO	for	O
2150	2150	53	110	{	OO	-lcb-	O
2151	2151	54	110	plosive	JJ	plosive	O
2152	2152	55	110	}	OO	-rcb-	O
2153	2153	56	110	(	OO	-lrb-	O
2154	2154	57	110	stop	NN	stop	O
2155	2155	58	110	)	OO	-rrb-	O
2156	2156	59	110	(	OO	-lrb-	O
2157	2157	60	110	also	RB	also	O
2158	2158	61	110	T	NN	t	O
2159	2159	62	110	for	OO	for	O
2160	2160	63	110	{	OO	-lcb-	O
2161	2161	64	110	voiceless	JJ	voiceless	O
2162	2162	65	110	stop	NN	stop	O
2163	2163	66	110	}	OO	-rcb-	O
2164	2164	67	110	and	OO	and	O
2165	2165	68	110	D	NN	d	O
2166	2166	69	110	for	OO	for	O
2167	2167	70	110	{	OO	-lcb-	O
2168	2168	71	110	voiced	VB	voice	O
2169	2169	72	110	stop	NN	stop	O
2170	2170	73	110	}	OO	-rcb-	O
2171	2171	74	110	)	OO	-rrb-	O
2172	2172	75	110	,	OO	,	O
2173	2173	76	110	S	NN	s	O
2174	2174	77	110	for	OO	for	O
2175	2175	78	110	{	OO	-lcb-	O
2176	2176	79	110	sibilant	JJ	sibilant	O
2177	2177	80	110	}	OO	-rcb-	O
2178	2178	81	110	,	OO	,	O
2179	2179	82	110	L	NN	l	O
2180	2180	83	110	for	OO	for	O
2181	2181	84	110	{	OO	-lcb-	O
2182	2182	85	110	liquid	JJ	liquid	O
2183	2183	86	110	}	OO	-rcb-	O
2184	2184	87	110	(	OO	-lrb-	O
2185	2185	88	110	or	OO	or	O
2186	2186	89	110	R	NN	r	O
2187	2187	90	110	for	OO	for	O
2188	2188	91	110	{	OO	-lcb-	O
2189	2189	92	110	rhotic	JJ	rhotic	O
2190	2190	93	110	}	OO	-rcb-	O
2191	2191	94	110	and	OO	and	O
2192	2192	95	110	L	NN	l	O
2193	2193	96	110	for	OO	for	O
2194	2194	97	110	{	OO	-lcb-	O
2195	2195	98	110	lateral	JJ	lateral	O
2196	2196	99	110	}	OO	-rcb-	O
2197	2197	100	110	)	OO	-rrb-	O
2198	2198	101	110	,	OO	,	O
2199	2199	102	110	#	OO	#	O
2200	2200	103	110	or	OO	or	O
2201	2201	104	110	hash	VB	hash	O
2202	2202	105	110	for	OO	for	O
2203	2203	106	110	{	OO	-lcb-	O
2204	2204	107	110	click	VB	click	O
2205	2205	108	110	}	OO	-rcb-	O
2206	2206	109	110	,	OO	,	O
2207	2207	110	110	A	OO	a	O
2208	2208	111	110	for	OO	for	O
2209	2209	112	110	{	OO	-lcb-	O
2210	2210	113	110	low	JJ	low	O
2211	2211	114	110	vowel	NN	vowel	O
2212	2212	115	110	}	OO	-rcb-	O
2213	2213	116	110	,	OO	,	O
2214	2214	117	110	U	NN	U	O
2215	2215	118	110	for	OO	for	O
2216	2216	119	110	{	OO	-lcb-	O
2217	2217	120	110	rounded	VB	round	O
2218	2218	121	110	vowel	NN	vowel	O
2219	2219	122	110	}	OO	-rcb-	O
2220	2220	123	110	and	OO	and	O
2221	2221	124	110	B	NN	b	O
2222	2222	125	110	,	OO	,	O
2223	2223	126	110	D	NN	d	O
2224	2224	127	110	,	OO	,	O
2225	2225	128	110	J	NN	j	O
2226	2226	129	110	or	OO	or	O
2227	2227	130	110	Ɉ	NN	ɉ	O
2228	2228	131	110	,	OO	,	O
2229	2229	132	110	K	NN	K	O
2230	2230	133	110	,	OO	,	O
2231	2231	134	110	Q	NN	Q	O
2232	2232	135	110	,	OO	,	O
2233	2233	136	110	Φ	NN	Φ	O
2234	2234	137	110	,	OO	,	O
2235	2235	138	110	H	NN	h	O
2236	2236	139	110	for	OO	for	O
2237	2237	140	110	{	OO	-lcb-	O
2238	2238	141	110	labial	JJ	labial	O
2239	2239	142	110	}	OO	-rcb-	O
2240	2240	143	110	,	OO	,	O
2241	2241	144	110	{	OO	-lcb-	O
2242	2242	145	110	alveolar	JJ	alveolar	O
2243	2243	146	110	}	OO	-rcb-	O
2244	2244	147	110	,	OO	,	O
2245	2245	148	110	{	OO	-lcb-	O
2246	2246	149	110	post-alveolar	JJ	post-alveolar	O
2247	2247	150	110	}	OO	-rcb-	O
2248	2248	151	110	or	OO	or	O
2249	2249	152	110	{	OO	-lcb-	O
2250	2250	153	110	palatal	JJ	palatal	O
2251	2251	154	110	}	OO	-rcb-	O
2252	2252	155	110	,	OO	,	O
2253	2253	156	110	{	OO	-lcb-	O
2254	2254	157	110	velar	JJ	velar	O
2255	2255	158	110	}	OO	-rcb-	O
2256	2256	159	110	,	OO	,	O
2257	2257	160	110	{	OO	-lcb-	O
2258	2258	161	110	uvular	JJ	uvular	O
2259	2259	162	110	}	OO	-rcb-	O
2260	2260	163	110	,	OO	,	O
2261	2261	164	110	{	OO	-lcb-	O
2262	2262	165	110	pharyngeal	NN	pharyngeal	O
2263	2263	166	110	}	OO	-rcb-	O
2264	2264	167	110	and	OO	and	O
2265	2265	168	110	{	OO	-lcb-	O
2266	2266	169	110	glottal	JJ	glottal	O
2267	2267	170	110	}	OO	-rcb-	O
2268	2268	171	110	,	OO	,	O
2269	2269	172	110	respectively	RB	respectively	O
2270	2270	173	110	,	OO	,	O
2271	2271	174	110	and	OO	and	O
2272	2272	175	110	X	NN	x	O
2273	2273	176	110	for	OO	for	O
2274	2274	177	110	anything	NN	anything	O
2275	2275	178	110	.	OO	.	O
2276	2276	1	111	He	NN	he	O
2277	2277	2	111	says	VB	say	O
2278	2278	3	111	the	OO	the	O
2279	2279	4	111	big	JJ	big	O
2280	2280	5	111	questions	NN	question	O
2281	2281	6	111	--	OO	--	O
2282	2282	7	111	``	OO	``	O
2283	2283	8	111	Do	VB	do	O
2284	2284	9	111	you	NN	you	O
2285	2285	10	111	really	RB	really	O
2286	2286	11	111	need	VB	need	O
2287	2287	12	111	this	OO	this	O
2288	2288	13	111	much	JJ	much	O
2289	2289	14	111	money	NN	money	O
2290	2290	15	111	to	OO	to	O
2291	2291	16	111	put	VB	put	O
2292	2292	17	111	up	OO	up	O
2293	2293	18	111	these	OO	these	O
2294	2294	19	111	investments	NN	investment	O
2295	2295	20	111	?	OO	?	O
2296	2296	1	112	Have	VB	have	O
2297	2297	2	112	you	NN	you	O
2298	2298	3	112	told	VB	tell	O
2299	2299	4	112	investors	NN	investor	O
2300	2300	5	112	what	NN	what	O
2301	2301	6	112	is	VB	be	O
2302	2302	7	112	happening	VB	happen	O
2303	2303	8	112	in	OO	in	O
2304	2304	9	112	your	JJ	you	O
2305	2305	10	112	sector	NN	sector	O
2306	2306	11	112	?	OO	?	O
2307	2307	1	113	What	NN	what	O
2308	2308	2	113	about	OO	about	O
2309	2309	3	113	your	JJ	you	O
2310	2310	4	113	track	NN	track	O
2311	2311	5	113	record	NN	record	O
2312	2312	6	113	?	OO	?	O
2313	2313	1	114	--	OO	--	O
2314	2314	2	114	``	OO	``	O
2315	2315	3	114	are	VB	be	O
2316	2316	4	114	n't	RB	not	O
2317	2317	5	114	asked	VB	ask	O
2318	2318	6	114	of	OO	of	O
2319	2319	7	114	companies	NN	company	O
2320	2320	8	114	coming	VB	come	O
2321	2321	9	114	to	OO	to	O
2322	2322	10	114	market	NN	market	O
2323	2323	11	114	.	OO	.	O
