indexInDoc	indexInText	indexInSentence	sentenceNumber	token	posTag	lemma
1	1	1	1	Real	JJ	real
2	2	2	1	world	NN	world
3	3	3	1	networks	NN	network
4	4	4	1	are	VB	be
5	5	5	1	often	RB	often
6	6	6	1	large	JJ	large
7	7	7	1	--	OO	--
8	8	8	1	there	OO	there
9	9	9	1	are	VB	be
10	10	10	1	tens	NN	ten
11	11	11	1	of	OO	of
12	12	12	1	thousands	NN	thousand
13	13	13	1	of	OO	of
14	14	14	1	human	JJ	human
15	15	15	1	genes	NN	gene
16	16	16	1	and	OO	and
17	17	17	1	trillions	NN	trillion
18	18	18	1	of	OO	of
19	19	19	1	connections	NN	connection
20	20	20	1	in	OO	in
21	21	21	1	the	OO	the
22	22	22	1	human	JJ	human
23	23	23	1	brain	NN	brain
24	24	24	1	.	OO	.
25	25	1	2	Such	JJ	such
26	26	2	2	scales	NN	scale
27	27	3	2	make	VB	make
28	28	4	2	human	JJ	human
29	29	5	2	visual	JJ	visual
30	30	6	2	processing	NN	processing
31	31	7	2	of	OO	of
32	32	8	2	and	OO	and
33	33	9	2	decision	NN	decision
34	34	10	2	making	VB	make
35	35	11	2	with	OO	with
36	36	12	2	the	OO	the
37	37	13	2	whole	JJ	whole
38	38	14	2	network	NN	network
39	39	15	2	prohibitive	JJ	prohibitive
40	40	16	2	.	OO	.
41	41	1	3	This	OO	this
42	42	2	3	paper	NN	paper
43	43	3	3	investigates	VB	investigate
44	44	4	3	algorithms	NN	algorithm
45	45	5	3	to	OO	to
46	46	6	3	identify	VB	identify
47	47	7	3	provably	RB	provably
48	48	8	3	good	JJ	good
49	49	9	3	approximations	NN	approximation
50	50	10	3	of	OO	of
51	51	11	3	the	OO	the
52	52	12	3	network	NN	network
53	53	13	3	topology	NN	topology
54	54	14	3	,	OO	,
55	55	15	3	which	OO	which
56	56	16	3	capture	VB	capture
57	57	17	3	important	JJ	important
58	58	18	3	system	NN	system
59	59	19	3	dynamics	NN	dynamics
60	60	20	3	while	OO	while
61	61	21	3	significantly	RB	significantly
62	62	22	3	reducing	VB	reduce
63	63	23	3	the	OO	the
64	64	24	3	number	NN	number
65	65	25	3	of	OO	of
66	66	26	3	edges	NN	edge
67	67	27	3	to	OO	to
68	68	28	3	enable	VB	enable
69	69	29	3	tractable	JJ	tractable
70	70	30	3	analysis	NN	analysis
71	71	31	3	.	OO	.
72	72	1	4	1	OO	1
73	73	2	4	arXiv	NN	arxiv
74	74	3	4	:1506.04767	OO	:1506.04767
75	75	4	4	v1	NN	v1
76	76	5	4	[	OO	-lsb-
77	77	6	4	cs.IT	NN	cs.it
78	78	7	4	]	OO	-rsb-
79	79	8	4	15	OO	15
80	80	9	4	Jun	NN	jun
81	81	10	4	2015	OO	2015
82	82	11	4	Quinn	NN	Quinn
83	83	12	4	,	OO	,
84	84	13	4	Pinar	NN	Pinar
85	85	14	4	,	OO	,
86	86	15	4	and	OO	and
87	87	16	4	Kiyavash	NN	Kiyavash
88	88	17	4	Across	OO	across
89	89	18	4	different	JJ	different
90	90	19	4	domains	NN	domain
91	91	20	4	,	OO	,
92	92	21	4	edges	NN	edge
93	93	22	4	are	VB	be
94	94	23	4	used	VB	use
95	95	24	4	to	OO	to
96	96	25	4	model	VB	model
97	97	26	4	various	JJ	various
98	98	27	4	kinds	NN	kind
99	99	28	4	of	OO	of
100	100	29	4	ties	NN	tie
101	101	30	4	such	JJ	such
102	102	31	4	as	OO	as
103	103	32	4	physical	JJ	physical
104	104	33	4	connections	NN	connection
105	105	34	4	or	OO	or
106	106	35	4	dynamic	JJ	dynamic
107	107	36	4	relationships	NN	relationship
108	108	37	4	.	OO	.
109	109	1	5	For	OO	for
110	110	2	5	instance	NN	instance
111	111	3	5	,	OO	,
112	112	4	5	in	OO	in
113	113	5	5	depicting	VB	depict
114	114	6	5	a	OO	a
115	115	7	5	computer	NN	computer
116	116	8	5	network	NN	network
117	117	9	5	,	OO	,
118	118	10	5	an	OO	a
119	119	11	5	edge	NN	edge
120	120	12	5	might	VB	might
121	121	13	5	correspond	VB	correspond
122	122	14	5	to	OO	to
123	123	15	5	a	OO	a
124	124	16	5	physical	JJ	physical
125	125	17	5	wire	NN	wire
126	126	18	5	or	OO	or
127	127	19	5	a	OO	a
128	128	20	5	packet	NN	packet
129	129	21	5	exchange	NN	exchange
130	130	22	5	between	OO	between
131	131	23	5	a	OO	a
132	132	24	5	sender	NN	sender
133	133	25	5	and	OO	and
134	134	26	5	a	OO	a
135	135	27	5	receiver	NN	receiver
136	136	28	5	.	OO	.
137	137	1	6	For	OO	for
138	138	2	6	the	OO	the
139	139	3	6	human	JJ	human
140	140	4	6	brain	NN	brain
141	141	5	6	,	OO	,
142	142	6	6	edges	NN	edge
143	143	7	6	could	VB	could
144	144	8	6	correspond	VB	correspond
145	145	9	6	to	OO	to
146	146	10	6	information	NN	information
147	147	11	6	flow	NN	flow
148	148	12	6	between	OO	between
149	149	13	6	different	JJ	different
150	150	14	6	cells	NN	cell
151	151	15	6	or	OO	or
152	152	16	6	brain	NN	brain
153	153	17	6	regions	NN	region
154	154	18	6	(	OO	-lrb-
155	155	19	6	Takahashi	NN	Takahashi
156	156	20	6	et	OO	et
157	157	21	6	al.	OO	al.
158	158	22	6	,	OO	,
159	159	23	6	2015	OO	2015
160	160	24	6	;	OO	;
161	161	25	6	Kim	NN	Kim
162	162	26	6	et	OO	et
163	163	27	6	al.	OO	al.
164	164	28	6	,	OO	,
165	165	29	6	2014	OO	2014
166	166	30	6	)	OO	-rrb-
167	167	31	6	.	OO	.
168	168	1	7	For	OO	for
169	169	2	7	online	JJ	online
170	170	3	7	social	JJ	social
171	171	4	7	networks	NN	network
172	172	5	7	,	OO	,
173	173	6	7	edges	NN	edge
174	174	7	7	might	VB	might
175	175	8	7	represent	VB	represent
176	176	9	7	user-defined	JJ	user-defined
177	177	10	7	relationships	NN	relationship
178	178	11	7	or	OO	or
179	179	12	7	pairs	NN	pair
180	180	13	7	of	OO	of
181	181	14	7	users	NN	user
182	182	15	7	that	OO	that
183	183	16	7	frequently	RB	frequently
184	184	17	7	message	NN	message
185	185	18	7	each	OO	each
186	186	19	7	other	JJ	other
187	187	20	7	(	OO	-lrb-
188	188	21	7	Ver	NN	Ver
189	189	22	7	Steeg	NN	Steeg
190	190	23	7	and	OO	and
191	191	24	7	Galstyan	NN	Galstyan
192	192	25	7	,	OO	,
193	193	26	7	2012	OO	2012
194	194	27	7	,	OO	,
195	195	28	7	2013	OO	2013
196	196	29	7	)	OO	-rrb-
197	197	30	7	.	OO	.
198	198	1	8	Edges	NN	edge
199	199	2	8	that	OO	that
200	200	3	8	represent	VB	represent
201	201	4	8	dynamics	NN	dynamics
202	202	5	8	often	RB	often
203	203	6	8	must	VB	must
204	204	7	8	be	VB	be
205	205	8	8	inferred	VB	infer
206	206	9	8	from	OO	from
207	207	10	8	activity	NN	activity
208	208	11	8	,	OO	,
209	209	12	8	in	OO	in
210	210	13	8	some	OO	some
211	211	14	8	cases	NN	case
212	212	15	8	statistically	RB	statistically
213	213	16	8	.	OO	.
214	214	1	9	There	OO	there
215	215	2	9	is	VB	be
216	216	3	9	a	OO	a
217	217	4	9	large	JJ	large
218	218	5	9	literature	NN	literature
219	219	6	9	on	OO	on
220	220	7	9	graphs	NN	graph
221	221	8	9	whose	JJ	whose
222	222	9	9	edges	NN	edge
223	223	10	9	depict	VB	depict
224	224	11	9	statistical	JJ	statistical
225	225	12	9	relationships	NN	relationship
226	226	13	9	.	OO	.
227	227	1	10	Markov	NN	Markov
228	228	2	10	and	OO	and
229	229	3	10	Bayesian	JJ	bayesian
230	230	4	10	networks	NN	network
231	231	5	10	are	VB	be
232	232	6	10	well-known	JJ	well-known
233	233	7	10	probabilistic	JJ	probabilistic
234	234	8	10	graphical	JJ	graphical
235	235	9	10	models	NN	model
236	236	10	10	whose	JJ	whose
237	237	11	10	edges	NN	edge
238	238	12	10	represent	VB	represent
239	239	13	10	correlation	NN	correlation
240	240	14	10	.	OO	.
241	241	1	11	Many	JJ	many
242	242	2	11	methods	NN	method
243	243	3	11	have	VB	have
244	244	4	11	been	VB	be
245	245	5	11	proposed	VB	propose
246	246	6	11	to	OO	to
247	247	7	11	infer	VB	infer
248	248	8	11	and	OO	and
249	249	9	11	approximate	JJ	approximate
250	250	10	11	the	OO	the
251	251	11	11	networks	NN	network
252	252	12	11	from	OO	from
253	253	13	11	i.i.d.	JJ	i.i.d.
254	254	14	11	data	NN	datum
255	255	15	11	,	OO	,
256	256	16	11	often	RB	often
257	257	17	11	relying	VB	rely
258	258	18	11	on	OO	on
259	259	19	11	heuristics	NN	heuristic
260	260	20	11	.	OO	.
261	261	1	12	Pretty	NN	Pretty
262	262	2	12	soon	RB	soon
263	263	3	12	I	NN	I
264	264	4	12	wanted	VB	want
265	265	5	12	to	OO	to
266	266	6	12	smoke	VB	smoke
267	267	7	12	,	OO	,
268	268	8	12	and	OO	and
269	269	9	12	asked	VB	ask
270	270	10	12	the	OO	the
271	271	11	12	widow	NN	widow
272	272	12	12	to	OO	to
273	273	13	12	let	VB	let
274	274	14	12	me	NN	I
275	275	15	12	.	OO	.
276	276	1	13	But	OO	but
277	277	2	13	she	NN	she
278	278	3	13	would	VB	would
279	279	4	13	n't	RB	not
280	280	5	13	.	OO	.
281	281	1	14	She	NN	she
282	282	2	14	said	VB	say
283	283	3	14	it	NN	it
284	284	4	14	was	VB	be
285	285	5	14	a	OO	a
286	286	6	14	mean	NN	mean
287	287	7	14	practice	NN	practice
288	288	8	14	and	OO	and
289	289	9	14	was	VB	be
290	290	10	14	n't	RB	not
291	291	11	14	clean	JJ	clean
292	292	12	14	,	OO	,
293	293	13	14	and	OO	and
294	294	14	14	I	NN	I
295	295	15	14	must	VB	must
296	296	16	14	try	VB	try
297	297	17	14	to	OO	to
298	298	18	14	not	RB	not
299	299	19	14	do	VB	do
300	300	20	14	it	NN	it
301	301	21	14	any	OO	any
302	302	22	14	more	RB	more
303	303	23	14	.	OO	.
304	304	1	15	That	OO	that
305	305	2	15	is	VB	be
306	306	3	15	just	RB	just
307	307	4	15	the	OO	the
308	308	5	15	way	NN	way
309	309	6	15	with	OO	with
310	310	7	15	some	OO	some
311	311	8	15	people	NN	people
312	312	9	15	.	OO	.
313	313	1	16	They	NN	they
314	314	2	16	get	VB	get
315	315	3	16	down	OO	down
316	316	4	16	on	OO	on
317	317	5	16	a	OO	a
318	318	6	16	thing	NN	thing
319	319	7	16	when	RB	when
320	320	8	16	they	NN	they
321	321	9	16	do	VB	do
322	322	10	16	n't	RB	not
323	323	11	16	know	VB	know
324	324	12	16	nothing	NN	nothing
325	325	13	16	about	OO	about
326	326	14	16	it	NN	it
327	327	15	16	.	OO	.
328	328	1	17	Here	RB	here
329	329	2	17	she	NN	she
330	330	3	17	was	VB	be
331	331	4	17	a-bothering	VB	a-bother
332	332	5	17	about	OO	about
333	333	6	17	Moses	NN	Moses
334	334	7	17	,	OO	,
335	335	8	17	which	OO	which
336	336	9	17	was	VB	be
337	337	10	17	no	OO	no
338	338	11	17	kin	NN	kin
339	339	12	17	to	OO	to
340	340	13	17	her	NN	she
341	341	14	17	,	OO	,
342	342	15	17	and	OO	and
343	343	16	17	no	OO	no
344	344	17	17	use	NN	use
345	345	18	17	to	OO	to
346	346	19	17	anybody	NN	anybody
347	347	20	17	,	OO	,
348	348	21	17	being	VB	be
349	349	22	17	gone	VB	go
350	350	23	17	,	OO	,
351	351	24	17	you	NN	you
352	352	25	17	see	VB	see
353	353	26	17	,	OO	,
354	354	27	17	yet	OO	yet
355	355	28	17	finding	VB	find
356	356	29	17	a	OO	a
357	357	30	17	power	NN	power
358	358	31	17	of	OO	of
359	359	32	17	fault	NN	fault
360	360	33	17	with	OO	with
361	361	34	17	me	NN	I
362	362	35	17	for	OO	for
363	363	36	17	doing	VB	do
364	364	37	17	a	OO	a
365	365	38	17	thing	NN	thing
366	366	39	17	that	OO	that
367	367	40	17	had	VB	have
368	368	41	17	some	OO	some
369	369	42	17	good	JJ	good
370	370	43	17	in	OO	in
371	371	44	17	it	NN	it
372	372	45	17	.	OO	.
373	373	1	18	And	OO	and
374	374	2	18	she	NN	she
375	375	3	18	took	VB	take
376	376	4	18	snuff	NN	snuff
377	377	5	18	,	OO	,
378	378	6	18	too	RB	too
379	379	7	18	;	OO	;
380	380	8	18	of	OO	of
381	381	9	18	course	NN	course
382	382	10	18	that	OO	that
383	383	11	18	was	VB	be
384	384	12	18	all	OO	all
385	385	13	18	right	RB	right
386	386	14	18	,	OO	,
387	387	15	18	because	OO	because
388	388	16	18	she	NN	she
389	389	17	18	done	VB	do
390	390	18	18	it	NN	it
391	391	19	18	herself	NN	herself
392	392	20	18	.	OO	.
393	393	1	19	Her	JJ	she
394	394	2	19	sister	NN	sister
395	395	3	19	,	OO	,
396	396	4	19	Miss	NN	Miss
397	397	5	19	Watson	NN	Watson
398	398	6	19	,	OO	,
399	399	7	19	a	OO	a
400	400	8	19	tolerable	JJ	tolerable
401	401	9	19	slim	JJ	slim
402	402	10	19	old	JJ	old
403	403	11	19	maid	NN	maid
404	404	12	19	,	OO	,
405	405	13	19	with	OO	with
406	406	14	19	goggles	NN	goggles
407	407	15	19	on	OO	on
408	408	16	19	,	OO	,
409	409	17	19	had	VB	have
410	410	18	19	just	RB	just
411	411	19	19	come	VB	come
412	412	20	19	to	OO	to
413	413	21	19	live	VB	live
414	414	22	19	with	OO	with
415	415	23	19	her	NN	she
416	416	24	19	,	OO	,
417	417	25	19	and	OO	and
418	418	26	19	took	VB	take
419	419	27	19	a	OO	a
420	420	28	19	set	VB	set
421	421	29	19	at	OO	at
422	422	30	19	me	NN	I
423	423	31	19	now	RB	now
424	424	32	19	with	OO	with
425	425	33	19	a	OO	a
426	426	34	19	spelling-book	NN	spelling-book
427	427	35	19	.	OO	.
428	428	1	20	She	NN	she
429	429	2	20	worked	VB	work
430	430	3	20	me	NN	I
431	431	4	20	middling	JJ	middling
432	432	5	20	hard	JJ	hard
433	433	6	20	for	OO	for
434	434	7	20	about	OO	about
435	435	8	20	an	OO	a
436	436	9	20	hour	NN	hour
437	437	10	20	,	OO	,
438	438	11	20	and	OO	and
439	439	12	20	then	RB	then
440	440	13	20	the	OO	the
441	441	14	20	widow	NN	widow
442	442	15	20	made	VB	make
443	443	16	20	her	JJ	she
444	444	17	20	ease	NN	ease
445	445	18	20	up	OO	up
446	446	19	20	.	OO	.
447	447	1	21	I	NN	I
448	448	2	21	could	VB	could
449	449	3	21	n't	RB	not
450	450	4	21	stood	VB	stand
451	451	5	21	it	NN	it
452	452	6	21	much	RB	much
453	453	7	21	longer	RB	longer
454	454	8	21	.	OO	.
455	455	1	22	Then	RB	then
456	456	2	22	for	OO	for
457	457	3	22	an	OO	a
458	458	4	22	hour	NN	hour
459	459	5	22	it	NN	it
460	460	6	22	was	VB	be
461	461	7	22	deadly	JJ	deadly
462	462	8	22	dull	JJ	dull
463	463	9	22	,	OO	,
464	464	10	22	and	OO	and
465	465	11	22	I	NN	I
466	466	12	22	was	VB	be
467	467	13	22	fidgety	JJ	fidgety
468	468	14	22	.	OO	.
469	469	1	23	Miss	NN	Miss
470	470	2	23	Watson	NN	Watson
471	471	3	23	would	VB	would
472	472	4	23	say	VB	say
473	473	5	23	,	OO	,
474	474	6	23	``	OO	``
475	475	7	23	Do	VB	do
476	476	8	23	n't	RB	not
477	477	9	23	put	VB	put
478	478	10	23	your	JJ	you
479	479	11	23	feet	NN	foot
480	480	12	23	up	OO	up
481	481	13	23	there	RB	there
482	482	14	23	,	OO	,
483	483	15	23	Huckleberry	NN	Huckleberry
484	484	16	23	;	OO	;
485	485	17	23	''	OO	''
486	486	18	23	and	OO	and
487	487	19	23	``	OO	``
488	488	20	23	Do	VB	do
489	489	21	23	n't	RB	not
490	490	22	23	scrunch	VB	scrunch
491	491	23	23	up	OO	up
492	492	24	23	like	OO	like
493	493	25	23	that	OO	that
494	494	26	23	,	OO	,
495	495	27	23	Huckleberry	NN	Huckleberry
496	496	28	23	--	OO	--
497	497	29	23	set	VB	set
498	498	30	23	up	OO	up
499	499	31	23	straight	RB	straight
500	500	32	23	;	OO	;
501	501	33	23	''	OO	''
502	502	34	23	and	OO	and
503	503	35	23	pretty	RB	pretty
504	504	36	23	soon	RB	soon
505	505	37	23	she	NN	she
506	506	38	23	would	VB	would
507	507	39	23	say	VB	say
508	508	40	23	,	OO	,
509	509	41	23	``	OO	``
510	510	42	23	Do	VB	do
511	511	43	23	n't	RB	not
512	512	44	23	gap	NN	gap
513	513	45	23	and	OO	and
514	514	46	23	stretch	NN	stretch
515	515	47	23	like	OO	like
516	516	48	23	that	OO	that
517	517	49	23	,	OO	,
518	518	50	23	Huckleberry	NN	Huckleberry
519	519	51	23	--	OO	--
520	520	52	23	why	RB	why
521	521	53	23	do	VB	do
522	522	54	23	n't	RB	not
523	523	55	23	you	NN	you
524	524	56	23	try	VB	try
525	525	57	23	to	OO	to
526	526	58	23	behave	VB	behave
527	527	59	23	?	OO	?
528	528	60	23	''	OO	''
529	529	1	24	Brahinsky	NN	Brahinsky
530	530	2	24	said	VB	say
531	531	3	24	that	OO	that
532	532	4	24	the	OO	the
533	533	5	24	University	NN	University
534	534	6	24	of	OO	of
535	535	7	24	California	NN	California
536	536	8	24	has	VB	have
537	537	9	24	,	OO	,
538	538	10	24	``	OO	``
539	539	11	24	made	VB	make
540	540	12	24	a	OO	a
541	541	13	24	priority	NN	priority
542	542	14	24	out	OO	out
543	543	15	24	of	OO	of
544	544	16	24	administrative	JJ	administrative
545	545	17	24	spending	NN	spending
546	546	18	24	,	OO	,
547	547	19	24	''	OO	''
548	548	20	24	noting	VB	note
549	549	21	24	that	OO	that
550	550	22	24	it	NN	it
551	551	23	24	has	VB	have
552	552	24	24	increased	VB	increase
553	553	25	24	by	OO	by
554	554	26	24	over	OO	over
555	555	27	24	250	OO	250
556	556	28	24	%	NN	%
557	557	29	24	in	OO	in
558	558	30	24	the	OO	the
559	559	31	24	last	JJ	last
560	560	32	24	20	OO	20
561	561	33	24	years	NN	year
562	562	34	24	.	OO	.
563	563	1	25	The	OO	the
564	564	2	25	growth	NN	growth
565	565	3	25	of	OO	of
566	566	4	25	faculty	NN	faculty
567	567	5	25	spending	NN	spending
568	568	6	25	over	OO	over
569	569	7	25	the	OO	the
570	570	8	25	same	JJ	same
571	571	9	25	time	NN	time
572	572	10	25	period	NN	period
573	573	11	25	has	VB	have
574	574	12	25	only	RB	only
575	575	13	25	increased	VB	increase
576	576	14	25	by	OO	by
577	577	15	25	50	OO	50
578	578	16	25	%	NN	%
579	579	17	25	,	OO	,
580	580	18	25	he	NN	he
581	581	19	25	said	VB	say
582	582	20	25	,	OO	,
583	583	21	25	adding	VB	add
584	584	22	25	that	OO	that
585	585	23	25	20	OO	20
586	586	24	25	years	NN	year
587	587	25	25	ago	OO	ago
588	588	26	25	there	OO	there
589	589	27	25	were	VB	be
590	590	28	25	five	OO	five
591	591	29	25	faculty	NN	faculty
592	592	30	25	members	NN	member
593	593	31	25	for	OO	for
594	594	32	25	every	OO	every
595	595	33	25	two	OO	two
596	596	34	25	administrators	NN	administrator
597	597	35	25	,	OO	,
598	598	36	25	but	OO	but
599	599	37	25	the	OO	the
600	600	38	25	figure	NN	figure
601	601	39	25	has	VB	have
602	602	40	25	shifted	VB	shift
603	603	41	25	dramatically	RB	dramatically
604	604	42	25	,	OO	,
605	605	43	25	and	OO	and
606	606	44	25	presently	RB	presently
607	607	45	25	there	OO	there
608	608	46	25	are	VB	be
609	609	47	25	only	RB	only
610	610	48	25	five	OO	five
611	611	49	25	faculty	NN	faculty
612	612	50	25	members	NN	member
613	613	51	25	for	OO	for
614	614	52	25	every	OO	every
615	615	53	25	six	OO	six
616	616	54	25	administrators	NN	administrator
617	617	55	25	,	OO	,
618	618	56	25	on	OO	on
619	619	57	25	average	NN	average
620	620	58	25	.	OO	.
621	621	1	26	``	OO	``
622	622	2	26	The	OO	the
623	623	3	26	administration	NN	administration
624	624	4	26	is	VB	be
625	625	5	26	growing	VB	grow
626	626	6	26	and	OO	and
627	627	7	26	has	VB	have
628	628	8	26	surpassed	VB	surpass
629	629	9	26	the	OO	the
630	630	10	26	faculty	NN	faculty
631	631	11	26	,	OO	,
632	632	12	26	''	OO	''
633	633	13	26	he	NN	he
634	634	14	26	said	VB	say
635	635	15	26	.	OO	.
636	636	1	27	``	OO	``
637	637	2	27	The	OO	the
638	638	3	27	priorities	NN	priority
639	639	4	27	of	OO	of
640	640	5	27	the	OO	the
641	641	6	27	UC	NN	uc
642	642	7	27	are	VB	be
643	643	8	27	something	NN	something
644	644	9	27	that	OO	that
645	645	10	27	ought	VB	ought
646	646	11	27	to	OO	to
647	647	12	27	be	VB	be
648	648	13	27	democratic	JJ	democratic
649	649	14	27	,	OO	,
650	650	15	27	''	OO	''
651	651	16	27	Brahinsky	NN	Brahinsky
652	652	17	27	said	VB	say
653	653	18	27	.	OO	.
654	654	1	28	``	OO	``
655	655	2	28	We	NN	we
656	656	3	28	can	VB	can
657	657	4	28	have	VB	have
658	658	5	28	a	OO	a
659	659	6	28	say	NN	say
660	660	7	28	in	OO	in
661	661	8	28	that	OO	that
662	662	9	28	,	OO	,
663	663	10	28	and	OO	and
664	664	11	28	so	OO	so
665	665	12	28	we	NN	we
666	666	13	28	should	VB	should
667	667	14	28	.	OO	.
668	668	15	28	''	OO	''
669	669	1	29	To	OO	to
670	670	2	29	learn	VB	learn
671	671	3	29	more	JJ	more
672	672	4	29	about	OO	about
673	673	5	29	the	OO	the
674	674	6	29	University	NN	University
675	675	7	29	of	OO	of
676	676	8	29	California	NN	California
677	677	9	29	's	OO	's
678	678	10	29	budget	NN	budget
679	679	11	29	,	OO	,
680	680	12	29	Brahinsky	NN	Brahinsky
681	681	13	29	recommended	VB	recommend
682	682	14	29	attendance	NN	attendance
683	683	15	29	at	OO	at
684	684	16	29	a	OO	a
685	685	17	29	workshop	NN	workshop
686	686	18	29	to	OO	to
687	687	19	29	be	VB	be
688	688	20	29	held	VB	hold
689	689	21	29	by	OO	by
690	690	22	29	Autonomous	NN	Autonomous
691	691	23	29	Students	NN	student
692	692	24	29	UCSC	NN	UCSC
693	693	25	29	,	OO	,
694	694	26	29	a	OO	a
695	695	27	29	student	NN	student
696	696	28	29	organization	NN	organization
697	697	29	29	that	OO	that
698	698	30	29	was	VB	be
699	699	31	29	tabling	VB	table
700	700	32	29	at	OO	at
701	701	33	29	the	OO	the
702	702	34	29	picnic	NN	picnic
703	703	35	29	.	OO	.
704	704	1	30	AFT	NN	AFT
705	705	2	30	Local	NN	Local
706	706	3	30	2199	OO	2199
707	707	4	30	President	NN	President
708	708	5	30	Roxi	NN	Roxi
709	709	6	30	Power	NN	Power
710	710	7	30	also	RB	also
711	711	8	30	spoke	VB	speak
712	712	9	30	at	OO	at
713	713	10	30	the	OO	the
714	714	11	30	mid-day	JJ	mid-day
715	715	12	30	rally	NN	rally
716	716	13	30	,	OO	,
717	717	14	30	as	OO	as
718	718	15	30	did	VB	do
719	719	16	30	Mike	NN	Mike
720	720	17	30	Rotkin	NN	Rotkin
721	721	18	30	,	OO	,
722	722	19	30	AFT	NN	AFT
723	723	20	30	's	OO	's
724	724	21	30	longest	JJ	longest
725	725	22	30	running	VB	run
726	726	23	30	President	NN	President
727	727	24	30	at	OO	at
728	728	25	30	UC	NN	uc
729	729	26	30	Santa	NN	Santa
730	730	27	30	Cruz	NN	Cruz
731	731	28	30	.	OO	.
732	732	1	31	After	OO	after
733	733	2	31	the	OO	the
734	734	3	31	speakers	NN	speaker
735	735	4	31	were	VB	be
736	736	5	31	heard	VB	hear
737	737	6	31	,	OO	,
738	738	7	31	a	OO	a
739	739	8	31	street	NN	street
740	740	9	31	theater	NN	theater
741	741	10	31	segment	NN	segment
742	742	11	31	was	VB	be
743	743	12	31	performed	VB	perform
744	744	13	31	with	OO	with
745	745	14	31	UC	NN	uc
746	746	15	31	administrators	NN	administrator
747	747	16	31	portrayed	VB	portray
748	748	17	31	as	OO	as
749	749	18	31	top-hat	JJ	top-hat
750	750	19	31	wearing	VB	wear
751	751	20	31	characters	NN	character
752	752	21	31	from	OO	from
753	753	22	31	the	OO	the
754	754	23	31	Monopoly	NN	Monopoly
755	755	24	31	board	NN	board
756	756	25	31	game	NN	game
757	757	26	31	.	OO	.
758	758	1	32	Many	JJ	many
759	759	2	32	participants	NN	participant
760	760	3	32	were	VB	be
761	761	4	32	dressed	VB	dress
762	762	5	32	in	OO	in
763	763	6	32	graduation	NN	graduation
764	764	7	32	gowns	NN	gown
765	765	8	32	,	OO	,
766	766	9	32	and	OO	and
767	767	10	32	union	NN	union
768	768	11	32	members	NN	member
769	769	12	32	distributed	VB	distribute
770	770	13	32	the	OO	the
771	771	14	32	lyrics	NN	lyric
772	772	15	32	to	OO	to
773	773	16	32	a	OO	a
774	774	17	32	variety	NN	variety
775	775	18	32	of	OO	of
776	776	19	32	songs	NN	song
777	777	20	32	to	OO	to
778	778	21	32	those	OO	those
779	779	22	32	in	OO	in
780	780	23	32	attendance	NN	attendance
781	781	24	32	so	OO	so
782	782	25	32	that	OO	that
783	783	26	32	the	OO	the
784	784	27	32	group	NN	group
785	785	28	32	could	VB	could
786	786	29	32	serve	VB	serve
787	787	30	32	as	OO	as
788	788	31	32	the	OO	the
789	789	32	32	musical	JJ	musical
790	790	33	32	chorus	NN	chorus
791	791	34	32	in	OO	in
792	792	35	32	the	OO	the
793	793	36	32	skit	NN	skit
794	794	37	32	.	OO	.
795	795	1	33	Another	OO	another
796	796	2	33	popular	JJ	popular
797	797	3	33	approach	NN	approach
798	798	4	33	is	VB	be
799	799	5	33	inspired	VB	inspire
800	800	6	33	by	OO	by
801	801	7	33	the	OO	the
802	802	8	33	theory	NN	theory
803	803	9	33	of	OO	of
804	804	10	33	intervening	VB	intervene
805	805	11	33	opportunities	NN	opportunity
806	806	12	33	and	OO	and
807	807	13	33	it	NN	it
808	808	14	33	has	VB	have
809	809	15	33	been	VB	be
810	810	16	33	concreted	VB	concrete
811	811	17	33	into	OO	into
812	812	18	33	the	OO	the
813	813	19	33	so-called	JJ	so-called
814	814	20	33	radiation	NN	radiation
815	815	21	33	models	NN	model
816	816	22	33	.	OO	.
817	817	1	34	Individuals	NN	individual
818	818	2	34	are	VB	be
819	819	3	34	supposed	VB	suppose
820	820	4	34	to	OO	to
821	821	5	34	travel	VB	travel
822	822	6	34	until	OO	until
823	823	7	34	they	NN	they
824	824	8	34	find	VB	find
825	825	9	34	a	OO	a
826	826	10	34	job	NN	job
827	827	11	34	opportunity	NN	opportunity
828	828	12	34	,	OO	,
829	829	13	34	so	OO	so
830	830	14	34	the	OO	the
831	831	15	34	population	NN	population
832	832	16	34	and	OO	and
833	833	17	34	jobs	NN	job
834	834	18	34	spatial	JJ	spatial
835	835	19	34	distributions	NN	distribution
836	836	20	34	naturally	RB	naturally
837	837	21	34	lead	VB	lead
838	838	22	34	to	OO	to
839	839	23	34	a	OO	a
840	840	24	34	trip	NN	trip
841	841	25	34	flow	NN	flow
842	842	26	34	network	NN	network
843	843	27	34	.	OO	.
844	844	1	35	In	OO	in
845	845	2	35	this	OO	this
846	846	3	35	paper	NN	paper
847	847	4	35	,	OO	,
848	848	5	35	we	NN	we
849	849	6	35	perform	VB	perform
850	850	7	35	a	OO	a
851	851	8	35	thorough	JJ	thorough
852	852	9	35	comparison	NN	comparison
853	853	10	35	between	OO	between
854	854	11	35	the	OO	the
855	855	12	35	gravity	NN	gravity
856	856	13	35	and	OO	and
857	857	14	35	the	OO	the
858	858	15	35	radiation	NN	radiation
859	859	16	35	approaches	VB	approach
860	860	17	35	in	OO	in
861	861	18	35	their	JJ	they
862	862	19	35	ability	NN	ability
863	863	20	35	at	OO	at
864	864	21	35	estimating	VB	estimate
865	865	22	35	commuting	VB	commute
866	866	23	35	flows	NN	flow
867	867	24	35	.	OO	.
868	868	1	36	We	NN	we
869	869	2	36	test	VB	test
870	870	3	36	the	OO	the
871	871	4	36	gravity	NN	gravity
872	872	5	36	and	OO	and
873	873	6	36	the	OO	the
874	874	7	36	radiation	NN	radiation
875	875	8	36	laws	NN	law
876	876	9	36	against	OO	against
877	877	10	36	empirical	JJ	empirical
878	878	11	36	trip	NN	trip
879	879	12	36	data	NN	datum
880	880	13	36	at	OO	at
881	881	14	36	different	JJ	different
882	882	15	36	scales	NN	scale
883	883	16	36	and	OO	and
884	884	17	36	coming	VB	come
885	885	18	36	from	OO	from
886	886	19	36	different	JJ	different
887	887	20	36	countries	NN	country
888	888	21	36	.	OO	.
889	889	1	37	Different	JJ	different
890	890	2	37	versions	NN	version
891	891	3	37	of	OO	of
892	892	4	37	the	OO	the
893	893	5	37	gravity	NN	gravity
894	894	6	37	and	OO	and
895	895	7	37	the	OO	the
896	896	8	37	radiation	NN	radiation
897	897	9	37	laws	NN	law
898	898	10	37	are	VB	be
899	899	11	37	used	VB	use
900	900	12	37	to	OO	to
901	901	13	37	estimate	VB	estimate
902	902	14	37	the	OO	the
903	903	15	37	probability	NN	probability
904	904	16	37	that	OO	that
905	905	17	37	an	OO	a
906	906	18	37	individual	NN	individual
907	907	19	37	has	VB	have
908	908	20	37	to	OO	to
909	909	21	37	commute	NN	commute
910	910	22	37	from	OO	from
911	911	23	37	one	OO	one
912	912	24	37	unit	NN	unit
913	913	25	37	to	OO	to
914	914	26	37	another	OO	another
915	915	27	37	,	OO	,
916	916	28	37	called	VB	call
917	917	29	37	trip	NN	trip
918	918	30	37	distribution	NN	distribution
919	919	31	37	law	NN	law
920	920	32	37	.	OO	.
921	921	1	38	Based	VB	base
922	922	2	38	on	OO	on
923	923	3	38	these	OO	these
924	924	4	38	probability	NN	probability
925	925	5	38	distribution	NN	distribution
926	926	6	38	the	OO	the
927	927	7	38	commuting	VB	commute
928	928	8	38	networks	NN	network
929	929	9	38	are	VB	be
930	930	10	38	simulated	JJ	simulated
931	931	11	38	with	OO	with
932	932	12	38	different	JJ	different
933	933	13	38	trip	NN	trip
934	934	14	38	distribution	NN	distribution
935	935	15	38	models	NN	model
936	936	16	38	.	OO	.
937	937	1	39	We	NN	we
938	938	2	39	show	VB	show
939	939	3	39	that	OO	that
940	940	4	39	the	OO	the
941	941	5	39	gravity	NN	gravity
942	942	6	39	law	NN	law
943	943	7	39	performs	VB	perform
944	944	8	39	better	JJ	better
945	945	9	39	than	OO	than
946	946	10	39	the	OO	the
947	947	11	39	radiation	NN	radiation
948	948	12	39	law	NN	law
949	949	13	39	to	OO	to
950	950	14	39	estimate	VB	estimate
951	951	15	39	the	OO	the
952	952	16	39	commuting	VB	commute
953	953	17	39	flows	NN	flow
954	954	18	39	,	OO	,
955	955	19	39	to	OO	to
956	956	20	39	preserve	VB	preserve
957	957	21	39	the	OO	the
958	958	22	39	structure	NN	structure
959	959	23	39	of	OO	of
960	960	24	39	the	OO	the
961	961	25	39	network	NN	network
962	962	26	39	and	OO	and
963	963	27	39	to	OO	to
964	964	28	39	fit	VB	fit
965	965	29	39	the	OO	the
966	966	30	39	commuting	VB	commute
967	967	31	39	distance	NN	distance
968	968	32	39	distribution	NN	distribution
969	969	33	39	although	OO	although
970	970	34	39	it	NN	it
971	971	35	39	fails	VB	fail
972	972	36	39	at	OO	at
973	973	37	39	predicting	VB	predict
974	974	38	39	commuting	VB	commute
975	975	39	39	flows	NN	flow
976	976	40	39	at	OO	at
977	977	41	39	large	JJ	large
978	978	42	39	distances	NN	distance
979	979	43	39	.	OO	.
980	980	1	40	Finally	RB	finally
981	981	2	40	,	OO	,
982	982	3	40	we	NN	we
983	983	4	40	show	VB	show
984	984	5	40	that	OO	that
985	985	6	40	both	OO	both
986	986	7	40	approaches	NN	approach
987	987	8	40	can	VB	can
988	988	9	40	be	VB	be
989	989	10	40	used	VB	use
990	990	11	40	in	OO	in
991	991	12	40	absence	NN	absence
992	992	13	40	of	OO	of
993	993	14	40	detailed	JJ	detailed
994	994	15	40	data	NN	datum
995	995	16	40	for	OO	for
996	996	17	40	calibration	NN	calibration
997	997	18	40	since	OO	since
998	998	19	40	the	OO	the
999	999	20	40	only	JJ	only
1000	1000	21	40	parameter	NN	parameter
1001	1001	22	40	of	OO	of
1002	1002	23	40	both	OO	both
1003	1003	24	40	the	OO	the
1004	1004	25	40	gravity	NN	gravity
1005	1005	26	40	and	OO	and
1006	1006	27	40	the	OO	the
1007	1007	28	40	radiation	NN	radiation
1008	1008	29	40	laws	NN	law
1009	1009	30	40	depends	VB	depend
1010	1010	31	40	only	RB	only
1011	1011	32	40	on	OO	on
1012	1012	33	40	the	OO	the
1013	1013	34	40	scale	NN	scale
1014	1014	35	40	of	OO	of
1015	1015	36	40	the	OO	the
1016	1016	37	40	geographic	JJ	geographic
1017	1017	38	40	unit	NN	unit
1018	1018	39	40	.	OO	.
1019	1019	1	41	The	OO	the
1020	1020	2	41	dominant	JJ	dominant
1021	1021	3	41	spirit	NN	spirit
1022	1022	4	41	,	OO	,
1023	1023	5	41	however	RB	however
1024	1024	6	41	,	OO	,
1025	1025	7	41	that	OO	that
1026	1026	8	41	haunts	NN	haunt
1027	1027	9	41	this	OO	this
1028	1028	10	41	enchanted	JJ	enchanted
1029	1029	11	41	region	NN	region
1030	1030	12	41	,	OO	,
1031	1031	13	41	and	OO	and
1032	1032	14	41	seems	VB	seem
1033	1033	15	41	to	OO	to
1034	1034	16	41	be	VB	be
1035	1035	17	41	commander-in-chief	NN	commander-in-chief
1036	1036	18	41	of	OO	of
1037	1037	19	41	all	OO	all
1038	1038	20	41	the	OO	the
1039	1039	21	41	powers	NN	power
1040	1040	22	41	of	OO	of
1041	1041	23	41	the	OO	the
1042	1042	24	41	air	NN	air
1043	1043	25	41	,	OO	,
1044	1044	26	41	is	VB	be
1045	1045	27	41	the	OO	the
1046	1046	28	41	apparition	NN	apparition
1047	1047	29	41	of	OO	of
1048	1048	30	41	a	OO	a
1049	1049	31	41	figure	NN	figure
1050	1050	32	41	on	OO	on
1051	1051	33	41	horseback	NN	horseback
1052	1052	34	41	,	OO	,
1053	1053	35	41	without	OO	without
1054	1054	36	41	a	OO	a
1055	1055	37	41	head	NN	head
1056	1056	38	41	.	OO	.
1057	1057	1	42	It	NN	it
1058	1058	2	42	is	VB	be
1059	1059	3	42	said	VB	say
1060	1060	4	42	by	OO	by
1061	1061	5	42	some	OO	some
1062	1062	6	42	to	OO	to
1063	1063	7	42	be	VB	be
1064	1064	8	42	the	OO	the
1065	1065	9	42	ghost	NN	ghost
1066	1066	10	42	of	OO	of
1067	1067	11	42	a	OO	a
1068	1068	12	42	Hessian	JJ	hessian
1069	1069	13	42	trooper	NN	trooper
1070	1070	14	42	,	OO	,
1071	1071	15	42	whose	JJ	whose
1072	1072	16	42	head	NN	head
1073	1073	17	42	had	VB	have
1074	1074	18	42	been	VB	be
1075	1075	19	42	carried	VB	carry
1076	1076	20	42	away	RB	away
1077	1077	21	42	by	OO	by
1078	1078	22	42	a	OO	a
1079	1079	23	42	cannon-ball	NN	cannon-ball
1080	1080	24	42	,	OO	,
1081	1081	25	42	in	OO	in
1082	1082	26	42	some	OO	some
1083	1083	27	42	nameless	JJ	nameless
1084	1084	28	42	battle	NN	battle
1085	1085	29	42	during	OO	during
1086	1086	30	42	the	OO	the
1087	1087	31	42	Revolutionary	NN	Revolutionary
1088	1088	32	42	War	NN	War
1089	1089	33	42	,	OO	,
1090	1090	34	42	and	OO	and
1091	1091	35	42	who	NN	who
1092	1092	36	42	is	VB	be
1093	1093	37	42	ever	RB	ever
1094	1094	38	42	and	OO	and
1095	1095	39	42	anon	RB	anon
1096	1096	40	42	seen	VB	see
1097	1097	41	42	by	OO	by
1098	1098	42	42	the	OO	the
1099	1099	43	42	country	NN	country
1100	1100	44	42	folk	NN	folk
1101	1101	45	42	hurrying	VB	hurry
1102	1102	46	42	along	OO	along
1103	1103	47	42	in	OO	in
1104	1104	48	42	the	OO	the
1105	1105	49	42	gloom	NN	gloom
1106	1106	50	42	of	OO	of
1107	1107	51	42	night	NN	night
1108	1108	52	42	,	OO	,
1109	1109	53	42	as	OO	as
1110	1110	54	42	if	OO	if
1111	1111	55	42	on	OO	on
1112	1112	56	42	the	OO	the
1113	1113	57	42	wings	NN	wing
1114	1114	58	42	of	OO	of
1115	1115	59	42	the	OO	the
1116	1116	60	42	wind	NN	wind
1117	1117	61	42	.	OO	.
1118	1118	1	43	His	JJ	he
1119	1119	2	43	haunts	NN	haunt
1120	1120	3	43	are	VB	be
1121	1121	4	43	not	RB	not
1122	1122	5	43	confined	VB	confine
1123	1123	6	43	to	OO	to
1124	1124	7	43	the	OO	the
1125	1125	8	43	valley	NN	valley
1126	1126	9	43	,	OO	,
1127	1127	10	43	but	OO	but
1128	1128	11	43	extend	VB	extend
1129	1129	12	43	at	OO	at
1130	1130	13	43	times	NN	time
1131	1131	14	43	to	OO	to
1132	1132	15	43	the	OO	the
1133	1133	16	43	adjacent	JJ	adjacent
1134	1134	17	43	roads	NN	road
1135	1135	18	43	,	OO	,
1136	1136	19	43	and	OO	and
1137	1137	20	43	especially	RB	especially
1138	1138	21	43	to	OO	to
1139	1139	22	43	the	OO	the
1140	1140	23	43	vicinity	NN	vicinity
1141	1141	24	43	of	OO	of
1142	1142	25	43	a	OO	a
1143	1143	26	43	church	NN	church
1144	1144	27	43	at	OO	at
1145	1145	28	43	no	OO	no
1146	1146	29	43	great	JJ	great
1147	1147	30	43	distance	NN	distance
1148	1148	31	43	.	OO	.
1149	1149	1	44	Indeed	RB	indeed
1150	1150	2	44	,	OO	,
1151	1151	3	44	certain	JJ	certain
1152	1152	4	44	of	OO	of
1153	1153	5	44	the	OO	the
1154	1154	6	44	most	RB	most
1155	1155	7	44	authentic	JJ	authentic
1156	1156	8	44	historians	NN	historian
1157	1157	9	44	of	OO	of
1158	1158	10	44	those	OO	those
1159	1159	11	44	parts	NN	part
1160	1160	12	44	,	OO	,
1161	1161	13	44	who	NN	who
1162	1162	14	44	have	VB	have
1163	1163	15	44	been	VB	be
1164	1164	16	44	careful	JJ	careful
1165	1165	17	44	in	OO	in
1166	1166	18	44	collecting	VB	collect
1167	1167	19	44	and	OO	and
1168	1168	20	44	collating	VB	collate
1169	1169	21	44	the	OO	the
1170	1170	22	44	floating	VB	float
1171	1171	23	44	facts	NN	fact
1172	1172	24	44	concerning	VB	concern
1173	1173	25	44	this	OO	this
1174	1174	26	44	spectre	NN	spectre
1175	1175	27	44	,	OO	,
1176	1176	28	44	allege	VB	allege
1177	1177	29	44	that	OO	that
1178	1178	30	44	the	OO	the
1179	1179	31	44	body	NN	body
1180	1180	32	44	of	OO	of
1181	1181	33	44	the	OO	the
1182	1182	34	44	trooper	NN	trooper
1183	1183	35	44	having	VB	have
1184	1184	36	44	been	VB	be
1185	1185	37	44	buried	VB	bury
1186	1186	38	44	in	OO	in
1187	1187	39	44	the	OO	the
1188	1188	40	44	churchyard	NN	churchyard
1189	1189	41	44	,	OO	,
1190	1190	42	44	the	OO	the
1191	1191	43	44	ghost	NN	ghost
1192	1192	44	44	rides	NN	ride
1193	1193	45	44	forth	RB	forth
1194	1194	46	44	to	OO	to
1195	1195	47	44	the	OO	the
1196	1196	48	44	scene	NN	scene
1197	1197	49	44	of	OO	of
1198	1198	50	44	battle	NN	battle
1199	1199	51	44	in	OO	in
1200	1200	52	44	nightly	JJ	nightly
1201	1201	53	44	quest	NN	quest
1202	1202	54	44	of	OO	of
1203	1203	55	44	his	JJ	he
1204	1204	56	44	head	NN	head
1205	1205	57	44	,	OO	,
1206	1206	58	44	and	OO	and
1207	1207	59	44	that	OO	that
1208	1208	60	44	the	OO	the
1209	1209	61	44	rushing	VB	rush
1210	1210	62	44	speed	NN	speed
1211	1211	63	44	with	OO	with
1212	1212	64	44	which	OO	which
1213	1213	65	44	he	NN	he
1214	1214	66	44	sometimes	RB	sometimes
1215	1215	67	44	passes	VB	pass
1216	1216	68	44	along	OO	along
1217	1217	69	44	the	OO	the
1218	1218	70	44	Hollow	NN	Hollow
1219	1219	71	44	,	OO	,
1220	1220	72	44	like	OO	like
1221	1221	73	44	a	OO	a
1222	1222	74	44	midnight	NN	midnight
1223	1223	75	44	blast	NN	blast
1224	1224	76	44	,	OO	,
1225	1225	77	44	is	VB	be
1226	1226	78	44	owing	VB	owe
1227	1227	79	44	to	OO	to
1228	1228	80	44	his	JJ	he
1229	1229	81	44	being	VB	be
1230	1230	82	44	belated	JJ	belated
1231	1231	83	44	,	OO	,
1232	1232	84	44	and	OO	and
1233	1233	85	44	in	OO	in
1234	1234	86	44	a	OO	a
1235	1235	87	44	hurry	NN	hurry
1236	1236	88	44	to	OO	to
1237	1237	89	44	get	VB	get
1238	1238	90	44	back	RB	back
1239	1239	91	44	to	OO	to
1240	1240	92	44	the	OO	the
1241	1241	93	44	churchyard	NN	churchyard
1242	1242	94	44	before	OO	before
1243	1243	95	44	daybreak	NN	daybreak
1244	1244	96	44	.	OO	.
1245	1245	1	45	``	OO	``
1246	1246	2	45	If	OO	if
1247	1247	3	45	you	NN	you
1248	1248	4	45	're	VB	be
1249	1249	5	45	not	RB	not
1250	1250	6	45	willing	JJ	willing
1251	1251	7	45	to	OO	to
1252	1252	8	45	go	VB	go
1253	1253	9	45	outside	OO	outside
1254	1254	10	45	the	OO	the
1255	1255	11	45	parameters	NN	parameter
1256	1256	12	45	set	VB	set
1257	1257	13	45	by	OO	by
1258	1258	14	45	conglomerates	NN	conglomerate
1259	1259	15	45	,	OO	,
1260	1260	16	45	that	OO	that
1261	1261	17	45	safety	NN	safety
1262	1262	18	45	net	NN	net
1263	1263	19	45	of	OO	of
1264	1264	20	45	success	NN	success
1265	1265	21	45	,	OO	,
1266	1266	22	45	there	OO	there
1267	1267	23	45	's	VB	be
1268	1268	24	45	no	OO	no
1269	1269	25	45	point	NN	point
1270	1270	26	45	venturing	VB	venture
1271	1271	27	45	out	OO	out
1272	1272	28	45	on	OO	on
1273	1273	29	45	your	JJ	you
1274	1274	30	45	own	JJ	own
1275	1275	31	45	,	OO	,
1276	1276	32	45	''	OO	''
1277	1277	33	45	Lee	NN	Lee
1278	1278	34	45	assures	VB	assure
1279	1279	35	45	.	OO	.
1280	1280	1	46	``	OO	``
1281	1281	2	46	Many	JJ	many
1282	1282	3	46	young	JJ	young
1283	1283	4	46	entrepreneurs	NN	entrepreneur
1284	1284	5	46	seem	VB	seem
1285	1285	6	46	to	OO	to
1286	1286	7	46	be	VB	be
1287	1287	8	46	jumping	VB	jump
1288	1288	9	46	on	OO	on
1289	1289	10	46	the	OO	the
1290	1290	11	46	bandwagon	NN	bandwagon
1291	1291	12	46	,	OO	,
1292	1292	13	46	approaching	VB	approach
1293	1293	14	46	the	OO	the
1294	1294	15	46	startup	NN	startup
1295	1295	16	46	game	NN	game
1296	1296	17	46	for	OO	for
1297	1297	18	46	the	OO	the
1298	1298	19	46	wrong	JJ	wrong
1299	1299	20	46	reasons	NN	reason
1300	1300	21	46	,	OO	,
1301	1301	22	46	without	OO	without
1302	1302	23	46	any	OO	any
1303	1303	24	46	clear	JJ	clear
1304	1304	25	46	strategy	NN	strategy
1305	1305	26	46	in	OO	in
1306	1306	27	46	mind	NN	mind
1307	1307	28	46	,	OO	,
1308	1308	29	46	''	OO	''
1309	1309	30	46	Lee	NN	Lee
1310	1310	31	46	notes	NN	note
1311	1311	32	46	.	OO	.
1312	1312	1	47	``	OO	``
1313	1313	2	47	If	OO	if
1314	1314	3	47	you	NN	you
1315	1315	4	47	're	VB	be
1316	1316	5	47	not	RB	not
1317	1317	6	47	hungry	JJ	hungry
1318	1318	7	47	enough	RB	enough
1319	1319	8	47	,	OO	,
1320	1320	9	47	if	OO	if
1321	1321	10	47	you	NN	you
1322	1322	11	47	're	VB	be
1323	1323	12	47	not	RB	not
1324	1324	13	47	ready	JJ	ready
1325	1325	14	47	to	OO	to
1326	1326	15	47	startup	NN	startup
1327	1327	16	47	a	OO	a
1328	1328	17	47	new	JJ	new
1329	1329	18	47	company	NN	company
1330	1330	19	47	,	OO	,
1331	1331	20	47	then	RB	then
1332	1332	21	47	it	NN	it
1333	1333	22	47	's	VB	be
1334	1334	23	47	better	JJ	better
1335	1335	24	47	to	OO	to
1336	1336	25	47	jump	VB	jump
1337	1337	26	47	ship	NN	ship
1338	1338	27	47	.	OO	.
1339	1339	28	47	''	OO	''
1340	1340	1	48	President	NN	President
1341	1341	2	48	Park	NN	Park
1342	1342	3	48	Geun-hye	NN	Geun-hye
1343	1343	4	48	has	VB	have
1344	1344	5	48	vowed	VB	vow
1345	1345	6	48	to	OO	to
1346	1346	7	48	cut	VB	cut
1347	1347	8	48	through	OO	through
1348	1348	9	48	red	JJ	red
1349	1349	10	48	tap	NN	tap
1350	1350	11	48	and	OO	and
1351	1351	12	48	provide	VB	provide
1352	1352	13	48	financial	JJ	financial
1353	1353	14	48	incentive	NN	incentive
1354	1354	15	48	for	OO	for
1355	1355	16	48	entrepreneurs	NN	entrepreneur
1356	1356	17	48	,	OO	,
1357	1357	18	48	earmarking	VB	earmark
1358	1358	19	48	$	OO	$
1359	1359	20	48	92	OO	92
1360	1360	21	48	billion	OO	billion
1361	1361	22	48	to	OO	to
1362	1362	23	48	support	VB	support
1363	1363	24	48	small	JJ	small
1364	1364	25	48	and	OO	and
1365	1365	26	48	mid-sized	JJ	mid-sized
1366	1366	27	48	businesses	NN	business
1367	1367	28	48	,	OO	,
1368	1368	29	48	which	OO	which
1369	1369	30	48	also	RB	also
1370	1370	31	48	encompasses	VB	encompass
1371	1371	32	48	startups	NN	startup
1372	1372	33	48	.	OO	.
1373	1373	1	49	But	OO	but
1374	1374	2	49	getting	VB	get
1375	1375	3	49	startups	NN	startup
1376	1376	4	49	off	OO	off
1377	1377	5	49	the	OO	the
1378	1378	6	49	ground	NN	ground
1379	1379	7	49	is	VB	be
1380	1380	8	49	one	OO	one
1381	1381	9	49	thing	NN	thing
1382	1382	10	49	,	OO	,
1383	1383	11	49	turning	VB	turn
1384	1384	12	49	them	NN	they
1385	1385	13	49	into	OO	into
1386	1386	14	49	sustainable	JJ	sustainable
1387	1387	15	49	businesses	NN	business
1388	1388	16	49	is	VB	be
1389	1389	17	49	another	OO	another
1390	1390	18	49	.	OO	.
1391	1391	1	50	It	NN	it
1392	1392	2	50	seems	VB	seem
1393	1393	3	50	only	RB	only
1394	1394	4	50	a	OO	a
1395	1395	5	50	matter	NN	matter
1396	1396	6	50	of	OO	of
1397	1397	7	50	time	NN	time
1398	1398	8	50	before	OO	before
1399	1399	9	50	such	JJ	such
1400	1400	10	50	inflated	JJ	inflated
1401	1401	11	50	expectations	NN	expectation
1402	1402	12	50	burst	NN	burst
1403	1403	13	50	,	OO	,
1404	1404	14	50	if	OO	if
1405	1405	15	50	entrepreneurs	NN	entrepreneur
1406	1406	16	50	do	VB	do
1407	1407	17	50	n't	RB	not
1408	1408	18	50	keep	VB	keep
1409	1409	19	50	at	OO	at
1410	1410	20	50	it	NN	it
1411	1411	21	50	for	OO	for
1412	1412	22	50	the	OO	the
1413	1413	23	50	right	JJ	right
1414	1414	24	50	reasons	NN	reason
1415	1415	25	50	.	OO	.
1416	1416	1	51	Another	OO	another
1417	1417	2	51	obstacle	NN	obstacle
1418	1418	3	51	for	OO	for
1419	1419	4	51	many	JJ	many
1420	1420	5	51	entrepreneurs	NN	entrepreneur
1421	1421	6	51	is	VB	be
1422	1422	7	51	the	OO	the
1423	1423	8	51	apparent	JJ	apparent
1424	1424	9	51	lack	NN	lack
1425	1425	10	51	of	OO	of
1426	1426	11	51	corporate	JJ	corporate
1427	1427	12	51	culture	NN	culture
1428	1428	13	51	that	OO	that
1429	1429	14	51	actively	RB	actively
1430	1430	15	51	embraces	VB	embrace
1431	1431	16	51	M&A	NN	m&a
1432	1432	17	51	deals	NN	deal
1433	1433	18	51	,	OO	,
1434	1434	19	51	which	OO	which
1435	1435	20	51	,	OO	,
1436	1436	21	51	in	OO	in
1437	1437	22	51	turn	NN	turn
1438	1438	23	51	,	OO	,
1439	1439	24	51	rewards	VB	reward
1440	1440	25	51	founders	NN	founder
1441	1441	26	51	with	OO	with
1442	1442	27	51	attractive	JJ	attractive
1443	1443	28	51	valuations	NN	valuation
1444	1444	29	51	.	OO	.
1445	1445	1	52	According	VB	accord
1446	1446	2	52	to	OO	to
1447	1447	3	52	Go	VB	go
1448	1448	4	52	Young-ha	NN	young-ha
1449	1449	5	52	,	OO	,
1450	1450	6	52	chairman	NN	chairman
1451	1451	7	52	of	OO	of
1452	1452	8	52	The	OO	the
1453	1453	9	52	Korean	NN	Korean
1454	1454	10	52	Business	NN	Business
1455	1455	11	52	Angels	NN	Angels
1456	1456	12	52	Association	NN	Association
1457	1457	13	52	,	OO	,
1458	1458	14	52	the	OO	the
1459	1459	15	52	government	NN	government
1460	1460	16	52	remains	VB	remain
1461	1461	17	52	slow	JJ	slow
1462	1462	18	52	at	OO	at
1463	1463	19	52	harnessing	VB	harness
1464	1464	20	52	the	OO	the
1465	1465	21	52	potential	NN	potential
1466	1466	22	52	of	OO	of
1467	1467	23	52	younger	JJ	younger
1468	1468	24	52	entrepreneurs	NN	entrepreneur
1469	1469	25	52	,	OO	,
1470	1470	26	52	many	JJ	many
1471	1471	27	52	of	OO	of
1472	1472	28	52	whom	NN	whom
1473	1473	29	52	are	VB	be
1474	1474	30	52	still	RB	still
1475	1475	31	52	under	OO	under
1476	1476	32	52	the	OO	the
1477	1477	33	52	spell	NN	spell
1478	1478	34	52	of	OO	of
1479	1479	35	52	larger	JJ	larger
1480	1480	36	52	conglomerates	NN	conglomerate
1481	1481	37	52	that	OO	that
1482	1482	38	52	hold	VB	hold
1483	1483	39	52	a	OO	a
1484	1484	40	52	monopoly	NN	monopoly
1485	1485	41	52	on	OO	on
1486	1486	42	52	the	OO	the
1487	1487	43	52	country	NN	country
1488	1488	44	52	's	OO	's
1489	1489	45	52	tech	NN	tech
1490	1490	46	52	industries	NN	industry
1491	1491	47	52	.	OO	.
